"","L1-1","L1-2","L1-3","L2-1","L2-2","L2-3","time"
"1",-0.1382180601,-0.02942792993,0.07430219413,-0.03874899371,0.0648479723,-0.08641957705,0
"2",-0.03249056518,-0.01105211848,-0.01864212756,-0.04514058031,0.118244352,-0.08735168342,0.1
"3",-0.08042746462,-0.04527373836,-0.02223739502,-0.08149272905,0.1376854278,-0.07483482635,0.2
"4",-0.07776430354,-0.04687163501,-0.03195793296,-0.08535431261,0.135554899,-0.08202536126,0.3
"5",-0.007057376862,-0.03901530982,-0.04287689339,-0.07270429748,0.1098553946,-0.08002799045,0.4
"6",-0.02410160777,-0.07590009078,-0.140614905,-0.03515372626,0.08881642202,-0.0697748203,0.5
"7",-0.07829693575,-0.07217166527,-0.04993427025,0.01358212151,0.05712480517,-0.06817692365,0.6
"8",-0.1145159264,-0.09214537337,-0.00399474162,0.1030643338,0.03475425209,-0.08695220926,0.7
"9",-0.1336906862,-0.06910903003,-0.002796319134,0.1928128622,0.04713795112,-0.1002680147,0.8
"10",-0.1069259174,-0.01571265037,-0.01957423394,0.3094593175,0.0932106378,-0.06617955284,0.9
"11",-0.07696535521,-0.05339637965,-0.0549942763,0.4326305174,0.1483380722,-0.08322378375,1
"12",-0.07789746159,-0.05512743436,-0.1632517742,0.5601959332,0.09414274418,-0.08016114851,1.1
"13",-0.06404902397,-0.02250371113,0.03621899069,0.7177219111,0.03195793296,-0.0532632216,1.2
"14",-0.004394215782,-0.01065264432,0.07896272602,0.840893111,0.103463808,-0.04727110917,1.3
"15",0.113317504,-0.03661846485,0.01451422789,0.9969543503,0.1739044185,0.02530003026,1.4
"16",0.1483380722,-0.06298375954,-0.1688444125,1.094559204,0.1419464856,0.04873584776,1.5
"17",0.05233111522,-0.1438106983,-0.2657834758,1.138767678,0.0833569418,0.003861583566,1.6
"18",-0.1426122758,-0.08255799348,-0.1748365249,1.113467648,0.02103897253,-0.00932106378,1.7
"19",-0.2764361201,-0.05126585079,0.00399474162,1.051948627,-0.02556634637,-0.009720537942,1.8
"20",-0.2697782174,-0.04940163803,-0.00599211243,0.9486179767,-0.03888215177,0.06111954679,1.9
"21",-0.1364870054,-0.05206479911,-0.03635214874,0.8290420442,-0.01491370205,0.0830906257,2
"22",-0.07763114548,-0.03475425209,-0.04154531285,0.7266435007,-0.003861583566,0.03169161685,2.1
"23",-0.1299622607,0.00399474162,0.008921589618,0.5454153892,-0.02609897858,-0.09507485056,2.2
"24",-0.1820270598,-0.01291633124,0.07936220018,0.4137220738,-0.03968110009,-0.1253017288,2.3
"25",-0.07723167132,-0.07776430354,0.08948221229,0.2930808769,-0.1178448778,-0.06085323068,2.4
"26",0.1532649202,-0.07976167435,0.002796319134,0.1985386585,-0.1657817772,0.00599211243,2.5
"27",0.07936220018,-0.1241033063,-0.09880327607,0.1065264432,-0.1647165128,0.03115898464,2.6
"28",-0.05432848603,-0.08748484148,-0.0816258871,0.03435477793,-0.09520800861,0.01664475675,2.7
"29",-0.0364853068,-0.2122539381,0.01624528259,-0.008255799348,-0.03741741317,-0.02889529772,2.8
"30",-0.07523430051,-0.1451422789,0.05299690549,-0.02556634637,0.007057376862,-0.06631271089,2.9
"31",-0.2284992207,0.2077265642,-0.008522115456,-0.0364853068,0.09427590223,-0.07523430051,3
"32",-0.1928128622,0.1685780964,-0.01864212756,-0.01118527654,0.1544633426,-0.05632585684,3.1
"33",0.1167796134,-0.0066579027,-0.01784317924,0.03302319739,0.1576591359,-0.04380899977,3.2
"34",0.115847507,-0.03741741317,-0.00199737081,0.1031974918,0.1420796436,-0.0500674283,3.3
"35",-0.06711165922,-0.03715109707,0.01065264432,0.1865544337,0.1181111939,-0.05566006657,3.4
"36",-0.09414274418,0.1339570023,-0.02223739502,0.2753708557,0.02916161383,-0.07297061359,3.5
"37",0.03741741317,0.2287655368,-0.03075951047,0.3861583566,-0.05832322765,-0.05739112127,3.6
"38",-0.05805691154,0.2074602481,-0.04407531587,0.5024053377,-0.09627327304,0.05832322765,3.7
"39",-0.2609897858,0.1900165431,-0.08042746462,0.663260267,-0.1539307104,0.1440770144,3.8
"40",-0.5609948815,0.2053297193,-0.08016114851,0.7872304152,-0.211987622,0.08282430959,3.9
"41",-0.4845621585,0.207193932,-0.06138586289,0.907472138,-0.1966744458,-0.03661846485,4
"42",-0.1342233184,0.2089249867,-0.06045375652,0.9890980251,-0.1719070477,-0.05246427328,4.1
"43",0.08109325489,0.2107891995,-0.06471481424,1.055277578,-0.165115987,-0.003062635242,4.2
"44",0.008255799348,0.2350239653,-0.0633832337,1.047154937,-0.1175785617,0.01744370507,4.3
"45",-0.2483397707,0.2410160777,-0.02077265642,1.046755462,-0.1763012635,0.0532632216,4.4
"46",-0.4731105659,0.2452771355,0.000133158054,0.9614011499,-0.1067927593,-0.02277002723,4.5
"47",0.2295644851,0.2652508436,0.007057376862,0.8472846976,-0.04966795414,-0.1117196073,4.6
"48",-0.1352885829,0.2676476885,0.02796319134,0.7251787621,0.000798948324,-0.1663144094,4.7
"49",-0.06098638873,0.2901513997,0.06564692062,0.5889580728,-0.03808320344,0.001597896648,4.8
"50",-0.1074585496,0.3029345729,0.115847507,0.4699147726,-0.09614011499,0.1472728077,4.9
"51",0.03781688734,0.3078614208,0.1667138836,0.3499393659,-0.06644586895,0.04420847393,5
"52",0.3320961867,0.3045324695,0.2306297495,0.2403502875,0.02037318226,-0.09307747975,5.1
"53",0.377369925,0.2969424604,0.2900182416,0.1644501967,0.01731054702,-0.1861549595,5.2
"54",0.1287638382,0.3226419648,0.3278351289,0.101200121,-0.1147822425,-0.1451422789,5.3
"55",-0.008122641294,0.3065298403,0.3916178368,0.04780374139,-0.2806971778,-0.01358212151,5.4
"56",-0.4024036392,0.2973419346,0.4426173715,0.01238369902,-0.2930808769,0.02530003026,5.5
"57",-0.582033854,0.290950348,0.4625910796,0.0066579027,-0.2143844669,0.03701793901,5.6
"58",-0.480966891,0.2888198191,0.4588626541,0.01904160172,-0.2154497314,0.04913532193,5.7
"59",-0.1719070477,0.2728408526,0.4656537148,0.05020058636,-0.278566649,0.03115898464,5.8
"60",0.2455434516,0.2740392751,0.4334294658,0.1065264432,-0.2359560717,0.05925533403,5.9
"61",0.5406216992,0.2484729288,0.4014715328,0.1697765188,-0.1731054702,-0.01624528259,6
"62",0.670717118,0.2346244911,0.3568635847,0.2679140046,-0.2261023757,-0.05712480517,6.1
"63",0.5628590943,0.2559297798,0.291083506,0.3749730801,-0.3862915147,-0.08069378072,6.2
"64",0.2459429257,0.231828172,0.2280997465,0.4997421767,-0.4222441892,-0.2773682265,6.3
"65",-0.1165132973,0.2089249867,0.165115987,0.6271744343,-0.4558000188,-0.003195793296,6.4
"66",-0.4234426117,0.2332929106,0.1213069872,0.747282999,-0.229431327,0.2226402663,6.5
"67",-0.5797701671,0.2065281418,0.1001348566,0.8057393848,-0.08588694483,0.04141215479,6.6
"68",-0.4013383748,0.2412823938,0.03661846485,0.9495500831,-0.0599211243,-0.09867011801,6.7
"69",-0.08282430959,0.23675502,0.01478054399,1.024651226,-0.2328934364,-0.1328917379,6.8
"70",0.3034672051,0.2306297495,0.01291633124,1.07977866,-0.165115987,-0.05699164711,6.9
"71",0.5807022735,0.2350239653,0.02183792086,1.015995952,0.07403587802,0.02423476583,7
"72",0.6243781152,0.256462412,0.03834951955,0.9467537639,0.1394164825,0.07909588408,7.1
"73",0.4913532193,0.2623213664,0.0781637777,0.8756473631,0.09893643412,0.1106543429,7.2
"74",0.1733717863,0.2543318831,0.113317504,0.7443535219,0.2265018499,0.0599211243,7.3
"75",-0.224371321,0.2657834758,0.1580586101,0.6155896836,0.3079945789,0.00798948324,7.4
"76",-0.4936169062,0.2703108496,0.2189118408,0.5066663955,0.2049302451,-0.04181162896,7.5
"77",-0.5243764167,0.2829608648,0.2636529469,0.4021373231,0.1632517742,-0.0932106378,7.6
"78",-0.3203782779,0.2825613906,0.3261040742,0.3097256336,0.1575259779,-0.1342233184,7.7
"79",0.0217047628,0.2789661231,0.3886883596,0.2027997162,0.05925533403,-0.2185123666,7.8
"80",0.3569967428,0.290950348,0.4042678519,0.1537975524,-0.05632585684,-0.3090598433,7.9
"81",0.5921538661,0.2901513997,0.4384894718,0.08628641899,0.01025317016,-0.4214452409,8
"82",0.6149238934,0.2906840319,0.4490089581,0.05592638268,-0.05432848603,-0.5555354013,8.1
"83",0.4026699553,0.2724413785,0.4499410645,0.04846953166,-0.1616538776,-0.6936203033,8.2
"84",0.1298291026,0.2805640198,0.4271710372,0.0515321669,-0.2657834758,-0.8195878224,8.3
"85",-0.2695119013,0.2709766399,0.392017311,0.08175904516,-0.42424156,-0.9142631988,8.4
"86",-0.4916195354,0.2675145305,0.3456783082,0.1141164523,-0.4225105053,-0.9651295754,8.5
"87",-0.4747084625,0.2580603087,0.2918824544,0.1853560112,-0.4259726147,-0.9744506392,8.6
"88",-0.2794987553,0.236621862,0.2426139744,0.2652508436,-0.3010703601,-0.961667466,8.7
"89",0.06990797835,0.2557966217,0.1946770749,0.3548662139,-0.1684449383,-0.8668589315,8.8
"90",0.3861583566,0.2426139744,0.148071756,0.4571315994,-0.09161274115,-0.774314084,8.9
"91",0.5756422674,0.2447445033,0.1014664371,0.574577003,-0.0066579027,-0.6667223764,9
"92",0.599211243,0.2374208103,0.07177219111,0.6768423885,-0.05779059544,-0.5285043163,9.1
"93",0.3687146515,0.2399508133,0.03954794204,0.7744472421,-0.1780323182,-0.4245078762,9.2
"94",0.0231695014,0.2482066127,0.0315584588,0.8809736853,-0.3000050957,-0.3122556366,9.3
"95",-0.2677808466,0.2462092418,0.03302319739,0.9554090374,-0.3833620375,-0.2263686918,9.4
"96",-0.4725779336,0.2452771355,0.05552690852,0.9807090677,-0.431432095,-0.1423459597,9.5
"97",-0.3844273019,0.2450108194,0.06378270787,0.9570069341,-0.3793672958,-0.113317504,9.6
"98",-0.1914812817,0.2527339865,0.1259675191,0.919855837,-0.3225088068,-0.08349009986,9.7
"99",0.1138501362,0.2511360898,0.1571265037,0.845819959,-0.2051965612,-0.0932106378,9.8
"100",0.436492101,0.2547313573,0.2062618256,0.8034756978,-0.0848216804,-0.1167796134,9.9
"101",0.5801696413,0.2579271506,0.2635197889,0.6499444616,-0.05712480517,-0.1838912726,10
"102",0.5183843042,0.2605903117,0.300937202,0.5442169667,-0.04274373533,-0.2596582053,10.1
"103",0.3169161685,0.2577939925,0.3557983203,0.4423510554,-0.1563275554,-0.3767041348,10.2
"104",-0.01411475372,0.2729740107,0.4034689036,0.3516704206,-0.2657834758,-0.446212639,10.3
"105",-0.3217098585,0.2547313573,0.4209126087,0.2580603087,-0.3470098887,-0.5861617537,10.4
"106",-0.4510063289,0.2759034879,0.438888946,0.1893507528,-0.4045341681,-0.6740460693,10.5
"107",-0.3635214874,0.2672482144,0.4492752742,0.130761209,-0.3763046606,-0.8230499318,10.6
"108",-0.1280980479,0.2573945184,0.4086620677,0.09214537337,-0.2695119013,-0.9102684571,10.7
"109",0.1765675796,0.2739061171,0.3771036089,0.0848216804,-0.2073270901,-0.9396963871,10.8
"110",0.4298341983,0.2693787432,0.345145676,0.08375641597,-0.1101217107,-0.9438242868,10.9
"111",0.567120152,0.2624545244,0.3063966823,0.1082574979,-0.0631169176,-0.9117331957,11
"112",0.4862932132,0.2700445335,0.2592587311,0.1438106983,-0.09600695693,-0.8526110198,11.1
"113",0.2496713512,0.26138926,0.2033323485,0.2093244609,-0.1555286071,-0.7542072179,11.2
"114",-0.02703108496,0.2524676704,0.1660480933,0.2777677006,-0.2631203147,-0.6520749904,11.3
"115",-0.3243730195,0.2591255731,0.1278317318,0.3539341075,-0.3370230347,-0.5147890368,11.4
"116",-0.4312989369,0.2510029318,0.07856325186,0.4346278883,-0.3643204357,-0.4262389309,11.5
"117",-0.3222424907,0.258992415,0.1328917379,0.5396895929,-0.3488741015,-0.3275688128,11.6
"118",-0.09880327607,0.2518018801,0.07070692667,0.655803416,-0.3210440682,-0.2312955398,11.7
"119",0.2090581448,0.2500708254,0.05193164106,0.7671235491,-0.1857554853,-0.1739044185,11.8
"120",0.433962098,0.2522013543,0.05432848603,0.8153267646,-0.09574064083,-0.1506017591,11.9
"121",0.5543369788,0.2536660929,0.07536745856,0.9092031927,-0.06804376559,-0.1366201634,12
"122",0.4745753045,0.2487392449,0.1161138231,0.9254484753,-0.1008006469,-0.1310275251,12.1
"123",0.2102565673,0.2516687221,0.1613875614,0.9455553415,-0.1965412877,-0.1703091511,12.2
"124",-0.0798948324,0.2458097677,0.2031991904,0.9237174206,-0.2585929409,-0.2239718468,12.3
"125",-0.3438140954,0.2487392449,0.2360892297,0.8470183815,-0.3359577702,-0.2924150866,12.4
"126",-0.4372910493,0.244078713,0.2913498222,0.7360977225,-0.3544667397,-0.3740409737,12.5
"127",-0.305730892,0.263786105,0.347675679,0.6720486985,-0.3563309525,-0.4866926874,12.6
"128",-0.07017429446,0.2523345123,0.3829625633,0.5809685896,-0.2833603389,-0.5776396383,12.7
"129",0.2150502572,0.2531334607,0.3862915147,0.4853611068,-0.2122539381,-0.7106645342,12.8
"130",0.4458131648,0.26138926,0.402004165,0.3832288794,-0.1423459597,-0.8114651811,12.9
"131",0.4962800673,0.2569950442,0.42424156,0.3005377279,-0.1169127714,-0.8781773661,13
"132",0.4440821101,0.2599245214,0.4102599644,0.2390187069,-0.1230380419,-0.9029447642,13.1
"133",0.1912149655,0.2545981992,0.3711114965,0.1757686313,-0.1759017893,-0.9275790042,13.2
"134",-0.09787116969,0.2603239956,0.3366235605,0.1581917682,-0.2576608345,-0.880441053,13.3
"135",-0.3122556366,0.2669818983,0.3190466974,0.1315601574,-0.3111903722,-0.796551479,13.4
"136",-0.4258394567,0.2607234697,0.2755040137,0.1115864493,-0.3659183324,-0.7254450782,13.5
"137",-0.2837598131,0.2653840016,0.2259692176,0.1408812211,-0.3298324998,-0.6030728266,13.6
"138",-0.02450108194,0.2460760838,0.1826928501,0.1771002118,-0.2838929711,-0.5017395475,13.7
"139",0.2193113149,0.2633866308,0.1508680752,0.2211755277,-0.21212078,-0.4197141862,13.8
"140",0.4302336725,0.2603239956,0.1039964402,0.276169804,-0.1580586101,-0.3182477491,13.9
"141",0.4949484867,0.2522013543,0.08269115153,0.3510046303,-0.135554899,-0.2508697737,14
"142",0.3611246424,0.2406166036,0.06138586289,0.4206462926,-0.1073253915,-0.2030660324,14.1
"143",0.1649828289,0.2488724029,0.06884271392,0.5372927479,-0.1731054702,-0.1653823031,14.2
"144",-0.1055943368,0.2536660929,0.09068063477,0.6171875803,-0.2498045093,-0.1596565067,14.3
"145",-0.3259709162,0.2430134486,0.09600695693,0.7131945372,-0.2921487705,-0.1641838806,14.4
"146",-0.3873567791,0.2520681962,0.1166464553,0.7729825035,-0.3435477793,-0.2035986646,14.5
"147",-0.2430134486,0.258992415,0.1456749111,0.8559399711,-0.3239735454,-0.2526008284,14.6
"148",0.000266316108,0.2472745063,0.1916144397,0.914928989,-0.2640524211,-0.3300988159,14.7
"149",0.2363555459,0.2544650412,0.2368881781,0.92717953,-0.2008023454,-0.3591272716,14.8
"150",0.4145210221,0.246475558,0.2850913936,0.8832373722,-0.1515338655,-0.5133242982,14.9
"151",0.4748416206,0.2504702996,0.3051982598,0.8056062267,-0.1318264735,-0.5976133464,15
"152",0.3434146213,0.2560629378,0.352602527,0.7554056403,-0.1661812514,-0.6785734432,15.1
"153",0.1386175342,0.2494050351,0.3918841529,0.6643255314,-0.1536643943,-0.7757788226,15.2
"154",-0.1198422486,0.2463423999,0.3902862563,0.59188755,-0.2371544942,-0.8564726033,15.3
"155",-0.3143861655,0.258859257,0.3949467882,0.4844290005,-0.2988066732,-0.8745820987,15.4
"156",-0.3231745971,0.2500708254,0.4013383748,0.3989415298,-0.3355582961,-0.8575378678,15.5
"157",-0.2288986948,0.2584597828,0.3901530982,0.3275688128,-0.3386209313,-0.8169246613,15.6
"158",-0.01065264432,0.2556634637,0.350072524,0.2612561019,-0.2715092721,-0.779107774,15.7
"159",0.2424808163,0.2537992509,0.2950782477,0.2177134183,-0.2340918589,-0.6655239539,15.8
"160",0.3836283536,0.2601908375,0.2936135091,0.1870870659,-0.1589907165,-0.5962817658,15.9
"161",0.4486094839,0.2552639895,0.2527339865,0.1571265037,-0.1456749111,-0.5107942951,16
"162",0.3223756487,0.2668487402,0.1932123364,0.1484712302,-0.1420796436,-0.3860251985,16.1
"163",0.1446096466,0.2635197889,0.1631186162,0.1635180903,-0.1739044185,-0.3306314481,16.2
"164",-0.1050617046,0.2680471627,0.1230380419,0.2039981387,-0.2423476583,-0.2629871566,16.3
"165",-0.2897519255,0.2599245214,0.1058606529,0.2331597526,-0.2938798252,-0.2167813119,16.4
"166",-0.2998719376,0.258992415,0.08096009683,0.2896187674,-0.3053314178,-0.2002697132,16.5
"167",-0.1723065219,0.2537992509,0.08681905121,0.3538009495,-0.2941461413,-0.187353382,16.6
"168",0.02703108496,0.2532666187,0.08495483845,0.4348942044,-0.2751045396,-0.1889512786,16.7
"169",0.2484729288,0.2520681962,0.1054611788,0.5077316599,-0.2419481841,-0.2201102633,16.8
"170",0.3800330861,0.2552639895,0.1259675191,0.6106628356,-0.1916144397,-0.2949450896,16.9
"171",0.4147873382,0.2507366157,0.1498028108,0.6692523794,-0.1335575282,-0.3591272716,17
"172",0.3095924756,0.2472745063,0.1958754974,0.7591340659,-0.1648496709,-0.4380899977,17.1
"173",0.09068063477,0.2475408224,0.2320944881,0.8157262388,-0.182426534,-0.5073321857,17.2
"174",-0.07430219413,0.2460760838,0.2605903117,0.8046741203,-0.2655171597,-0.5997438752,17.3
"175",-0.2793655973,0.2504702996,0.2957440379,0.8243815123,-0.283626655,-0.6970824127,17.4
"176",-0.2890861352,0.2502039835,0.3471430468,0.8503473328,-0.3005377279,-0.7621967011,17.5
"177",-0.1741707346,0.2419481841,0.3760383445,0.8141283422,-0.2708434818,-0.8382299499,17.6
"178",0.01890844367,0.2431466066,0.4004062684,0.7273092909,-0.2691124271,-0.8262457251,17.7
"179",0.2387523908,0.2387523908,0.4077299613,0.6536728871,-0.2348908073,-0.8271778314,17.8
"180",0.3825630891,0.2597913634,0.3809651925,0.577107006,-0.2193113149,-0.8020109592,17.9
"181",0.3861583566,0.2494050351,0.402004165,0.5022721797,-0.1852228531,-0.6853645039,18
"182",0.3183809071,0.2607234697,0.3712446546,0.4207794506,-0.1635180903,-0.6693855375,18.1
"183",0.1106543429,0.2609897858,0.3024019406,0.3619235908,-0.1890844367,-0.6021407202,18.2
"184",-0.09720537942,0.2671150563,0.2769687523,0.3034672051,-0.2263686918,-0.4632568699,18.3
"185",-0.2379534425,0.2571282023,0.2567287281,0.2599245214,-0.2707103238,-0.4171841832,18.4
"186",-0.2873550805,0.2628539986,0.2083923545,0.2078597223,-0.2970756185,-0.3315635545,18.5
"187",-0.1379517439,0.2635197889,0.1688444125,0.2009355035,-0.3149187977,-0.2804308617,18.6
"188",0.01318264735,0.2671150563,0.1395496406,0.1864212756,-0.2759034879,-0.2403502875,18.7
"189",0.2142513089,0.2603239956,0.1290301543,0.2018676099,-0.236621862,-0.2061286676,18.8
"190",0.3623230649,0.2543318831,0.1138501362,0.226768166,-0.1878860142,-0.2153165733,18.9
"191",0.3788346636,0.2472745063,0.09400958612,0.2548645154,-0.1559280812,-0.2211755277,19
"192",0.2868224483,0.2651176855,0.108390656,0.3135872172,-0.1692438866,-0.2783003329,19.1
"193",0.1075917076,0.2691124271,0.1214401452,0.369779916,-0.2010686615,-0.3133209011,19.2
"194",-0.09960222439,0.2665824241,0.1414138533,0.4424842134,-0.2157160475,-0.3499393659,19.3
"195",-0.2286323787,0.2522013543,0.1611212453,0.5183843042,-0.278699807,-0.429168408,19.4
"196",-0.2351571234,0.2526008284,0.1856223273,0.5885585987,-0.2809634939,-0.505467973,19.5
"197",-0.1834917984,0.2486060868,0.2109223575,0.6679207989,-0.2872219225,-0.6086654648,19.6
"198",0.0249005561,0.2549976734,0.2527339865,0.7317035067,-0.2728408526,-0.6985471513,19.7
"199",0.2008023454,0.2479402965,0.2832271809,0.7729825035,-0.2394181811,-0.7514108987,19.8
"200",0.3332946092,0.2510029318,0.3282346031,0.8287757281,-0.2211755277,-0.7933556857,19.9
"201",0.3621899069,0.2573945184,0.3475425209,0.82864257,-0.1893507528,-0.7998804304,20
"202",0.283493497,0.251535564,0.3496730498,0.7994809562,-0.1950765491,-0.7759119807,20.1
"203",0.1211738291,0.2543318831,0.3616572747,0.7821704092,-0.1940112847,-0.7430219413,20.2
"204",-0.08761799953,0.2460760838,0.3655188582,0.7578024853,-0.2134523606,-0.7014766285,20.3
"205",-0.1880191722,0.2462092418,0.3591272716,0.6596649995,-0.2447445033,-0.6277070666,20.4
"206",-0.2324939623,0.2624545244,0.3286340773,0.6013417719,-0.2853577097,-0.5724464741,20.5
"207",-0.1636512484,0.26138926,0.2992061473,0.4825647877,-0.2719087463,-0.4745753045,20.6
"208",0.03848267761,0.2653840016,0.2759034879,0.4459463228,-0.2526008284,-0.4010720586,20.7
"209",0.1833586404,0.2587260989,0.2452771355,0.379633612,-0.2399508133,-0.3443467276,20.8
"210",0.3129214269,0.2494050351,0.2166481539,0.3391535635,-0.2134523606,-0.2865561322,20.9
"211",0.3330282931,0.2567287281,0.1808286373,0.2767024362,-0.1980060263,-0.2696450594,21
"212",0.2640524211,0.2553971476,0.1520664977,0.2496713512,-0.2002697132,-0.246608716,21.1
"213",0.1318264735,0.2587260989,0.1557949232,0.2414155519,-0.1865544337,-0.2420813422,21.2
"214",-0.03542004236,0.249005561,0.1396827986,0.2399508133,-0.2214418438,-0.2681803208,21.3
"215",-0.1747033668,0.2545981992,0.1249022547,0.2387523908,-0.2428802905,-0.2994724634,21.4
"216",-0.1996039229,0.2575276764,0.1243696224,0.2450108194,-0.2901513997,-0.3390204055,21.5
"217",-0.1460743852,0.2605903117,0.1350222668,0.2988066732,-0.2832271809,-0.3888215177,21.6
"218",0.001597896648,0.2526008284,0.130761209,0.3282346031,-0.2488724029,-0.4725779336,21.7
"219",0.1885518045,0.2711097979,0.1514007074,0.406931013,-0.2544650412,-0.5430185442,21.8
"220",0.2918824544,0.2593918892,0.2009355035,0.4447479004,-0.2051965612,-0.6147907353,21.9
"221",0.335425138,0.2579271506,0.2190449988,0.5185174623,-0.2323608042,-0.670717118,22
"222",0.2591255731,0.2620550503,0.2636529469,0.5830991185,-0.1853560112,-0.7337008775,22.1
"223",0.1304948929,0.2549976734,0.2655171597,0.6319681243,-0.2069276159,-0.7675230233,22.2
"224",-0.02103897253,0.2500708254,0.2964098282,0.6910903003,-0.2664492661,-0.7753793484,22.3
"225",-0.165115987,0.2462092418,0.3266367065,0.7243798138,-0.2372876522,-0.754606692,22.4
"226",-0.1649828289,0.2472745063,0.3379551411,0.7450193121,-0.2611229439,-0.7291735037,22.5
"227",-0.1555286071,0.2426139744,0.3407514602,0.7502124762,-0.2476739804,-0.6645918475,22.6
"228",0.000266316108,0.2572613603,0.3419498827,0.7852330444,-0.2476739804,-0.6202502155,22.7
"229",0.1573928198,0.2584597828,0.3323625028,0.7371629869,-0.244078713,-0.5320995838,22.8
"230",0.2556634637,0.2557966217,0.3287672353,0.6656571119,-0.2163818378,-0.4740426722,22.9
"231",0.3257046001,0.2390187069,0.3145193235,0.6171875803,-0.21212078,-0.3950799462,23
"232",0.2530003026,0.2555303056,0.2844256033,0.5271727358,-0.234225017,-0.318114591,23.1
"233",0.1446096466,0.2475408224,0.2537992509,0.4829642619,-0.2002697132,-0.3094593175,23.2
"234",-0.000932106378,0.2553971476,0.2512692479,0.4454136906,-0.2394181811,-0.2956108799,23.3
"235",-0.1532649202,0.2677808466,0.219444473,0.3964115268,-0.2334260687,-0.2779008587,23.4
"236",-0.1609880873,0.254065567,0.1925465461,0.3323625028,-0.2603239956,-0.2817624423,23.5
"237",-0.1121190815,0.2625876825,0.1655154611,0.3098587917,-0.2387523908,-0.3153182719,23.6
"238",-0.002263686918,0.2691124271,0.1572596618,0.2701776916,-0.2526008284,-0.3234409132,23.7
"239",0.1292964704,0.2636529469,0.1386175342,0.2448776613,-0.2287655368,-0.4029362714,23.8
"240",0.2408829197,0.2648513694,0.1303617349,0.2668487402,-0.1992044488,-0.4334294658,23.9
"241",0.2966761443,0.2470081902,0.140614905,0.2842924453,-0.2239718468,-0.4604605507,24
"242",0.254065567,0.2579271506,0.1576591359,0.2961435121,-0.2527339865,-0.5331648482,24.1
"243",0.1308943671,0.2677808466,0.1617870356,0.3191798554,-0.2512692479,-0.6161223159,24.2
"244",0.009187905726,0.2561960959,0.1950765491,0.3660514904,-0.2209092116,-0.6480802488,24.3
"245",-0.1218396194,0.2745719073,0.2050634032,0.4024036392,-0.249005561,-0.7173224369,24.4
"246",-0.1535312363,0.2495381932,0.2495381932,0.4683168759,-0.2379534425,-0.7325024551,24.5
"247",-0.08721852537,0.2653840016,0.2669818983,0.525308523,-0.2645850533,-0.7073355828,24.6
"248",-0.002929477188,0.2520681962,0.2783003329,0.5753759513,-0.2348908073,-0.7030745251,24.7
"249",0.1219727775,0.2456766096,0.3021356245,0.6295712793,-0.2061286676,-0.695351358,24.8
"250",0.2299639593,0.2567287281,0.3183809071,0.6443518233,-0.2446113452,-0.6210491639,24.9
"251",0.2620550503,0.2447445033,0.3396861958,0.7038734734,-0.2198439472,-0.5824333282,25
"252",0.2648513694,0.2601908375,0.3318298706,0.7191866497,-0.2581934667,-0.5267732616,25.1
"253",0.1490038624,0.2544650412,0.3324956608,0.7154582241,-0.2147839411,-0.4531368578,25.2
"254",0.02769687523,0.2631203147,0.3162503782,0.7189203335,-0.2372876522,-0.3956125784,25.3
"255",-0.08761799953,0.2583266248,0.3097256336,0.7251787621,-0.2625876825,-0.3275688128,25.4
"256",-0.1491370205,0.2499376674,0.2798982295,0.6760434402,-0.2600576795,-0.35992622,25.5
"257",-0.08575378678,0.2631203147,0.2479402965,0.6516755163,-0.2552639895,-0.3122556366,25.6
"258",-0.02876213966,0.2559297798,0.2471413482,0.5854959634,-0.2191781569,-0.3070624725,25.7
"259",0.1122522395,0.2567287281,0.2308960656,0.5210474653,-0.2332929106,-0.3067961564,25.8
"260",0.1913481236,0.2576608345,0.2047970871,0.421578399,-0.2636529469,-0.327968287,25.9
"261",0.234358175,0.2627208405,0.1856223273,0.4030694295,-0.1965412877,-0.3759051864,26
"262",0.2444781871,0.2575276764,0.1720402058,0.3826962472,-0.2432797647,-0.4091946999,26.1
"263",0.1411475372,0.2504702996,0.1632517742,0.3137203752,-0.2681803208,-0.4442152681,26.2
"264",0.0830906257,0.2577939925,0.1617870356,0.3025350987,-0.2395513391,-0.4942826964,26.3
"265",-0.06098638873,0.2661829499,0.1619201937,0.3110572141,-0.2635197889,-0.5792375349,26.4
"266",-0.1263669932,0.2617887342,0.1649828289,0.3102582658,-0.2083923545,-0.6147907353,26.5
"267",-0.1074585496,0.2579271506,0.184823379,0.303334047,-0.2541987251,-0.6693855375,26.6
"268",-0.01917475978,0.2603239956,0.1944107588,0.3311640803,-0.2418150261,-0.7037403154,26.7
"269",0.09547432472,0.2599245214,0.2008023454,0.3448793599,-0.2354234395,-0.7088003214,26.8
"270",0.1736381024,0.2684466369,0.2159823636,0.3977431073,-0.2475408224,-0.7267766587,26.9
"271",0.2355565975,0.2559297798,0.2476739804,0.4419515812,-0.2459429257,-0.7038734734,27
"272",0.2424808163,0.2647182114,0.2838929711,0.4468784292,-0.2239718468,-0.6415555042,27.1
"273",0.1391501664,0.2511360898,0.2990729893,0.5095958727,-0.2527339865,-0.6685865891,27.2
"274",0.06178533706,0.2555303056,0.3016029923,0.5681854164,-0.2338255428,-0.5303685291,27.3
"275",-0.03848267761,0.2672482144,0.3166498524,0.6057359876,-0.2526008284,-0.5283711583,27.4
"276",-0.1037301241,0.2537992509,0.3471430468,0.6423544525,-0.2348908073,-0.4531368578,27.5
"277",-0.06964166224,0.2595250472,0.2973419346,0.6542055193,-0.2428802905,-0.429168408,27.6
"278",-0.03302319739,0.2541987251,0.2936135091,0.7048055798,-0.2408829197,-0.3840278277,27.7
"279",0.06418218203,0.2656503177,0.3024019406,0.6708502761,-0.2332929106,-0.3422161988,27.8
"280",0.1688444125,0.2680471627,0.2865561322,0.6930876711,-0.2450108194,-0.3532683173,27.9
"281",0.2179797344,0.2596582053,0.2475408224,0.6801713398,-0.2314286979,-0.3316967125,28
"282",0.2266350079,0.2632534728,0.2234392146,0.6282396988,-0.2553971476,-0.3573962169,28.1
"283",0.1620533517,0.2669818983,0.2215750019,0.5976133464,-0.2641855791,-0.3711114965,28.2
"284",0.08242483543,0.2583266248,0.1900165431,0.5538043466,-0.2131860445,-0.3937483657,28.3
"285",-0.02290318529,0.2530003026,0.197207078,0.5363606415,-0.2502039835,-0.4261057728,28.4
"286",-0.08681905121,0.2532666187,0.1917475978,0.4961469092,-0.2396844972,-0.4619252893,28.5
"287",-0.09520800861,0.2548645154,0.167779148,0.4263720889,-0.2330265945,-0.4998753347,28.6
"288",-0.03462109404,0.2645850533,0.1675128319,0.3660514904,-0.2480734546,-0.569650155,28.7
"289",0.04420847393,0.2633866308,0.1699096769,0.3463440985,-0.2110555156,-0.5965480819,28.8
"290",0.1514007074,0.2484729288,0.1733717863,0.3539341075,-0.2444781871,-0.6416886622,28.9
"291",0.1757686313,0.2621882083,0.1844239048,0.3300988159,-0.2187786827,-0.6842992395,29
"292",0.2197107891,0.2649845275,0.2109223575,0.3261040742,-0.2459429257,-0.6637928992,29.1
"293",0.1647165128,0.2824282325,0.2189118408,0.3394198796,-0.2583266248,-0.6876281909,29.2
"294",0.09507485056,0.2701776916,0.2311623817,0.3608583263,-0.2134523606,-0.6352970756,29.3
"295",-0.01198422486,0.2555303056,0.2516687221,0.3850930922,-0.2543318831,-0.6142581031,29.4
"296",-0.06418218203,0.246608716,0.2660497919,0.4126568093,-0.2659166338,-0.5691175228,29.5
"297",-0.08242483543,0.2531334607,0.278699807,0.45366949,-0.2233060566,-0.5343632707,29.6
"298",-0.02530003026,0.2603239956,0.2920156124,0.493217432,-0.2398176553,-0.5295695808,29.7
"299",0.02410160777,0.2569950442,0.288553503,0.522645362,-0.207060774,-0.4645884504,29.8
"300",0.1238369902,0.2631203147,0.3090598433,0.5715143678,-0.2282329046,-0.4146541802,29.9
"301",0.1680454641,0.2512692479,0.2889529772,0.6278402246,-0.234358175,-0.4122573352,30
"302",0.1969407619,0.2603239956,0.2928145607,0.6578007868,-0.244211871,-0.3728425512,30.1
"303",0.1789644246,0.2569950442,0.2765692782,0.6499444616,-0.2319613301,-0.3555320042,30.2
"304",0.1103880268,0.2472745063,0.2711097979,0.6434197169,-0.2303634334,-0.3692472837,30.3
"305",0.02450108194,0.2327602784,0.263786105,0.6274407504,-0.2507366157,-0.3705788643,30.4
"306",-0.03129214269,0.2467418741,0.2502039835,0.6418218203,-0.2328934364,-0.387223621,30.5
"307",-0.06298375954,0.2703108496,0.2265018499,0.6032059846,-0.226768166,-0.4245078762,30.6
"308",-0.01145159264,0.2548645154,0.2143844669,0.5587311946,-0.2158492055,-0.4580637058,30.7
"309",0.01571265037,0.2363555459,0.2061286676,0.5459480214,-0.2107891995,-0.4960137512,30.8
"310",0.09693906331,0.2383529167,0.2050634032,0.5299690549,-0.2338255428,-0.5436843345,30.9
"311",0.1490038624,0.2531334607,0.2050634032,0.483363736,-0.2348908073,-0.574577003,31
"312",0.1968076038,0.2652508436,0.197207078,0.4912200612,-0.2518018801,-0.6166549481,31.1
"313",0.16764599,0.2406166036,0.202133926,0.4639226601,-0.2585929409,-0.6380933948,31.2
"314",0.09614011499,0.2571282023,0.1789644246,0.4564658091,-0.2211755277,-0.6597981576,31.3
"315",0.05432848603,0.2616555761,0.2018676099,0.3681820193,-0.2424808163,-0.6415555042,31.4
"316",-0.02157160475,0.2617887342,0.2049302451,0.3560646364,-0.2227734243,-0.6603307898,31.5
"317",-0.06138586289,0.2571282023,0.2173139441,0.3611246424,-0.1996039229,-0.6595318415,31.6
"318",-0.02649845275,0.2599245214,0.2374208103,0.3884220435,-0.2400839714,-0.6439523491,31.7
"319",-0.007190534916,0.258992415,0.239285023,0.4001399523,-0.2279665884,-0.6026733524,31.8
"320",0.08362325791,0.2470081902,0.2483397707,0.3944141559,-0.2448776613,-0.5143895626,31.9
"321",0.1348891087,0.2544650412,0.2804308617,0.4326305174,-0.2740392751,-0.4912200612,32
"322",0.1814944276,0.2788329651,0.2817624423,0.4387557879,-0.2551308315,-0.4724447756,32.1
"323",0.160322297,0.256462412,0.2841592872,0.4704474048,-0.2456766096,-0.4230431376,32.2
"324",0.09680590526,0.2547313573,0.2760366459,0.5052016569,-0.2222407921,-0.3998736362,32.3
"325",0.07869640991,0.2530003026,0.2772350684,0.5386243284,-0.2203765794,-0.3905525724,32.4
"326",-0.02290318529,0.2548645154,0.2977414087,0.5741775288,-0.2253034274,-0.3808320344,32.5
"327",-0.04141215479,0.2579271506,0.2748382235,0.564590149,-0.2229065824,-0.4051999583,32.6
"328",-0.02423476583,0.263786105,0.258859257,0.5952165014,-0.273772959,-0.3953462623,32.7
"329",-0.006791060754,0.2528671445,0.2430134486,0.6082659907,-0.2327602784,-0.4028031134,32.8
"330",0.06777744949,0.2503371415,0.2577939925,0.5711148936,-0.2608566278,-0.4535363319,32.9
"331",0.1139832942,0.2567287281,0.2332929106,0.6052033554,-0.2259692176,-0.4676510856,33
"332",0.1604554551,0.2480734546,0.2306297495,0.6326339146,-0.2544650412,-0.5089300824,33.1
"333",0.1653823031,0.2499376674,0.2206428955,0.611461784,-0.2411492358,-0.5221127297,33.2
"334",0.1412806953,0.2511360898,0.2118544639,0.5788380607,-0.2227734243,-0.5503422372,33.3
"335",0.066579027,0.2498045093,0.2053297193,0.5093295566,-0.2537992509,-0.5930859725,33.4
"336",0.03036003631,0.2512692479,0.1966744458,0.5317001096,-0.2410160777,-0.619051793,33.5
"337",-0.008388957402,0.2463423999,0.2029328743,0.4986769122,-0.2483397707,-0.6412891881,33.6
"338",-0.0448742642,0.2522013543,0.2154497314,0.4609931829,-0.2530003026,-0.6087986229,33.7
"339",-0.02583266248,0.2508697737,0.2191781569,0.4078631194,-0.2174471022,-0.6531402549,33.8
"340",0.04221110312,0.2536660929,0.2241050049,0.411724703,-0.2290318529,-0.5993444011,33.9
"341",0.09960222439,0.2707103238,0.2157160475,0.4089283838,-0.2735066429,-0.6014749299,34
"342",0.1617870356,0.2620550503,0.2299639593,0.4214452409,-0.2665824241,-0.5542038207,34.1
"343",0.1395496406,0.2575276764,0.2496713512,0.4175836573,-0.2460760838,-0.5186506203,34.2
"344",0.1378185859,0.2679140046,0.2559297798,0.3988083717,-0.224504479,-0.4877579518,34.3
"345",0.101200121,0.2711097979,0.2545981992,0.4263720889,-0.2254365854,-0.4480768517,34.4
"346",0.01105211848,0.246608716,0.2647182114,0.4370247332,-0.2403502875,-0.4479436937,34.5
"347",-0.001731054702,0.2561960959,0.2713761141,0.4588626541,-0.2496713512,-0.4066646969,34.6
"348",-0.02050634032,0.2579271506,0.2667155822,0.4639226601,-0.2471413482,-0.4075968033,34.7
"349",-0.01198422486,0.2632534728,0.2716424302,0.5159874592,-0.2185123666,-0.4036020617,34.8
"350",0.02756371718,0.2526008284,0.2708434818,0.5221127297,-0.2324939623,-0.4105262805,34.9
"351",0.07470166829,0.2568618862,0.2677808466,0.510394821,-0.2324939623,-0.4427505296,35
"352",0.1416801695,0.2502039835,0.2387523908,0.5629922523,-0.2459429257,-0.4251736664,35.1
"353",0.1384843762,0.2510029318,0.239285023,0.5297027388,-0.2198439472,-0.446212639,35.2
"354",0.1351554248,0.2603239956,0.2346244911,0.5518069758,-0.2233060566,-0.4554005447,35.3
"355",0.09853695996,0.253932409,0.2384860747,0.5352953771,-0.2375539683,-0.4889563743,35.4
"356",0.03342267155,0.2668487402,0.2308960656,0.5812349057,-0.2261023757,-0.5391569606,35.5
"357",-0.003861583566,0.2583266248,0.2221076341,0.5625927782,-0.2159823636,-0.5960154497,35.6
"358",-0.02503371415,0.2620550503,0.2312955398,0.5743106869,-0.246608716,-0.596814398,35.7
"359",-0.005459480214,0.2528671445,0.2193113149,0.56725331,-0.2211755277,-0.5675196261,35.8
"360",0.03249056518,0.2496713512,0.2161155216,0.5262406294,-0.251402406,-0.5837649087,35.9
"361",0.07523430051,0.2448776613,0.2141181508,0.5146558787,-0.2211755277,-0.6145244192,36
"362",0.1146490845,0.2640524211,0.221974476,0.4873584776,-0.2126534122,-0.6231796927,36.1
"363",0.1354217409,0.2492718771,0.2295644851,0.4647216085,-0.2548645154,-0.6117281001,36.2
"364",0.1483380722,0.2569950442,0.2286323787,0.4408863168,-0.2284992207,-0.5556685593,36.3
"365",0.1103880268,0.2576608345,0.2237055307,0.4430168457,-0.2623213664,-0.5579322463,36.4
"366",0.0633832337,0.2689792691,0.224504479,0.4061320647,-0.244211871,-0.5238437844,36.5
"367",0.01984055005,0.2508697737,0.2376871264,0.4552673866,-0.2438123969,-0.4888232162,36.6
"368",0.003462109404,0.2556634637,0.2443450291,0.4419515812,-0.2587260989,-0.4800347847,36.7
"369",-0.02303634334,0.2608566278,0.2358229136,0.4655205568,-0.234225017,-0.4938832223,36.8
"370",0.04993427025,0.2592587311,0.2420813422,0.4749747786,-0.2298308012,-0.4170510251,36.9
"371",0.05246427328,0.2555303056,0.2451439774,0.4769721494,-0.2407497616,-0.4327636755,37
"372",0.1211738291,0.2711097979,0.2543318831,0.4689826662,-0.2569950442,-0.4592621282,37.1
"373",0.1169127714,0.2418150261,0.2541987251,0.4729774078,-0.2814961262,-0.4391552621,37.2
"374",0.1434112242,0.2555303056,0.2430134486,0.4846953166,-0.2189118408,-0.4828311038,37.3
"375",0.09933590828,0.2768355943,0.2462092418,0.468450034,-0.2510029318,-0.4370247332,37.4
"376",0.07869640991,0.2545981992,0.2395513391,0.4854942649,-0.219444473,-0.4862932132,37.5
"377",0.04114583869,0.2641855791,0.236621862,0.5013400733,-0.2555303056,-0.5033374441,37.6
"378",0.00798948324,0.2439455549,0.2324939623,0.5165200915,-0.2078597223,-0.5219795717,37.7
"379",0.00532632216,0.2434129227,0.221841318,0.5556685593,-0.2479402965,-0.5528722402,37.8
"380",0.03888215177,0.2511360898,0.2358229136,0.5587311946,-0.2495381932,-0.5632585684,37.9
"381",0.05725796322,0.2652508436,0.2181128925,0.5330316902,-0.221841318,-0.5576659302,38
"382",0.08721852537,0.2676476885,0.2274339562,0.5077316599,-0.2511360898,-0.5799033252,38.1
"383",0.1106543429,0.2671150563,0.2237055307,0.5109274532,-0.2407497616,-0.5649896231,38.2
"384",0.1383512181,0.2503371415,0.2327602784,0.5281048422,-0.2474076643,-0.6037386168,38.3
"385",0.1205080389,0.2623213664,0.2206428955,0.5297027388,-0.2326271203,-0.5324990579,38.4
"386",0.09014800256,0.2530003026,0.2350239653,0.5328985321,-0.2412823938,-0.5179848301,38.5
"387",0.04820321555,0.2532666187,0.2319613301,0.5508748694,-0.2592587311,-0.5262406294,38.6
"388",0.02796319134,0.2707103238,0.251402406,0.5221127297,-0.2291650109,-0.5095958727,38.7
"389",0.01531317621,0.2504702996,0.2307629076,0.5169195656,-0.2315618559,-0.547545918,38.8
"390",0.005725796322,0.2503371415,0.2406166036,0.4715126692,-0.2724413785,-0.4873584776,38.9
"391",0.02876213966,0.2443450291,0.2229065824,0.4696484565,-0.2105228834,-0.4559331769,39
"392",0.09574064083,0.2584597828,0.2459429257,0.4985437542,-0.2310292237,-0.4182494476,39.1
"393",0.1149154006,0.2760366459,0.2298308012,0.4677842437,-0.2186455247,-0.5053348149,39.2
"394",0.1265001513,0.2627208405,0.2447445033,0.4816326813,-0.2266350079,-0.4297010403,39.3
"395",0.1049285466,0.2651176855,0.2531334607,0.5085306082,-0.2308960656,-0.4795021525,39.4
"396",0.1008006469,0.2612561019,0.2536660929,0.505601131,-0.2277002723,-0.4687163501,39.5
"397",0.06471481424,0.2508697737,0.2436792388,0.4803011008,-0.2302302754,-0.468450034,39.6
"398",0.03568635847,0.2669818983,0.2519350382,0.5004079669,-0.2355565975,-0.4797684686,39.7
"399",0.03275688128,0.258992415,0.2330265945,0.480833733,-0.2640524211,-0.490820587,39.8
"400",0.02130528864,0.268846111,0.234358175,0.4876247937,-0.2455434516,-0.535162219,39.9
"401",0.05126585079,0.2585929409,0.2344913331,0.4717789853,-0.2557966217,-0.5295695808,40
"402",0.07097324278,0.2621882083,0.2394181811,0.4889563743,-0.2575276764,-0.5506085533,40.1
"403",0.07749798743,0.2611229439,0.2322276462,0.4583300219,-0.224371321,-0.5359611674,40.2
"404",0.1226385677,0.2569950442,0.2250371113,0.4944158545,-0.2556634637,-0.557266456,40.3
"405",0.115980665,0.2399508133,0.2227734243,0.500674283,-0.1865544337,-0.5462143375,40.4
"406",0.1067927593,0.2747050654,0.2207760535,0.4785700461,-0.2099902512,-0.5665875198,40.5
"407",0.05472796019,0.2640524211,0.2331597526,0.4699147726,-0.2141181508,-0.5504753952,40.6
"408",0.05219795717,0.2552639895,0.2134523606,0.4550010705,-0.2383529167,-0.5249090489,40.7
"409",0.03368898766,0.2536660929,0.2330265945,0.4696484565,-0.2346244911,-0.5767075319,40.8
"410",0.0101200121,0.2398176553,0.2382197586,0.4876247937,-0.249005561,-0.5137237723,40.9
"411",0.04940163803,0.2520681962,0.2255697435,0.4928179579,-0.1992044488,-0.4799016266,41
"412",0.06844323976,0.2496713512,0.221841318,0.5099953468,-0.2371544942,-0.4818989974,41.1
"413",0.08588694483,0.2591255731,0.2408829197,0.4367584171,-0.2203765794,-0.4689826662,41.2
"414",0.08562062872,0.2631203147,0.2387523908,0.4683168759,-0.2549976734,-0.5074653438,41.3
"415",0.09760485358,0.2617887342,0.2495381932,0.4691158242,-0.219444473,-0.5070658696,41.4
"416",0.09574064083,0.2695119013,0.2163818378,0.5073321857,-0.2448776613,-0.4246410342,41.5
"417",0.07257113943,0.2531334607,0.2296976432,0.5269064197,-0.2533997768,-0.4712463531,41.6
"418",0.0564590149,0.2450108194,0.2428802905,0.5065332374,-0.2259692176,-0.4392884201,41.7
"419",0.08588694483,0.2467418741,0.2484729288,0.4763063592,-0.2306297495,-0.4755074108,41.8
"420",0.03968110009,0.249005561,0.2511360898,0.4860268971,-0.221841318,-0.5085306082,41.9
"421",0.01771002118,0.2527339865,0.251402406,0.4856274229,-0.2545981992,-0.5191832525,42
"422",0.03475425209,0.2536660929,0.2533997768,0.5218464136,-0.2314286979,-0.4805674169,42.1
"423",0.06631271089,0.2599245214,0.2503371415,0.5193164106,-0.2653840016,-0.5360943254,42.2
"424",0.06737797532,0.2476739804,0.2380866006,0.4934837481,-0.2544650412,-0.5530053983,42.3
"425",0.09041431867,0.2679140046,0.2348908073,0.4842958424,-0.2275671143,-0.542485912,42.4
"426",0.1067927593,0.2607234697,0.2275671143,0.495747435,-0.2410160777,-0.5271727358,42.5
"427",0.07683219716,0.2635197889,0.2399508133,0.4697816145,-0.2241050049,-0.5181179881,42.6
"428",0.0830906257,0.2418150261,0.2211755277,0.5010737572,-0.2423476583,-0.5462143375,42.7
"429",0.04154531285,0.2740392751,0.2298308012,0.5281048422,-0.1840244306,-0.5415538056,42.8
"430",0.05912217598,0.2672482144,0.2330265945,0.5274390519,-0.2399508133,-0.5107942951,42.9
"431",0.06151902095,0.2693787432,0.2368881781,0.480833733,-0.258859257,-0.5052016569,43
"432",0.0399474162,0.2585929409,0.2354234395,0.4530036997,-0.2153165733,-0.5307680032,43.1
"433",0.07563377467,0.2584597828,0.226768166,0.4601942346,-0.2331597526,-0.5247758908,43.2
"434",0.08016114851,0.254065567,0.2439455549,0.5247758908,-0.2198439472,-0.5330316902,43.3
"435",0.09733853747,0.2506034576,0.2402171294,0.5087969243,-0.2217081599,-0.4893558484,43.4
"436",0.08841694786,0.2452771355,0.2383529167,0.488290584,-0.2576608345,-0.4946821706,43.5
"437",0.06191849511,0.2569950442,0.2363555459,0.4865595293,-0.2322276462,-0.4977448059,43.6
"438",0.07044061057,0.2526008284,0.2332929106,0.4853611068,-0.2351571234,-0.5374259059,43.7
"439",0.04474110614,0.2575276764,0.239285023,0.5173190398,-0.2447445033,-0.5083974502,43.8
"440",0.06205165316,0.2428802905,0.2354234395,0.5125253498,-0.2387523908,-0.4743089883,43.9
"441",0.04234426117,0.2462092418,0.2390187069,0.4937500642,-0.2504702996,-0.5119927176,44
"442",0.06817692365,0.2623213664,0.246608716,0.4889563743,-0.2290318529,-0.5247758908,44.1
"443",0.07590009078,0.2544650412,0.2414155519,0.4607268668,-0.2471413482,-0.5141232465,44.2
"444",0.07416903608,0.2544650412,0.244211871,0.468450034,-0.2201102633,-0.4719121434,44.3
"445",0.1000016986,0.2619218922,0.2387523908,0.4800347847,-0.2520681962,-0.4940163803,44.4
"446",0.1045290724,0.2597913634,0.2302302754,0.4976116478,-0.2727076946,-0.4850947907,44.5
"447",0.07709851327,0.2552639895,0.241681868,0.5174521978,-0.2508697737,-0.5504753952,44.6
"448",0.08428904818,0.2571282023,0.2503371415,0.4878911099,-0.2536660929,-0.5246427328,44.7
"449",0.0431432095,0.2673813724,0.239285023,0.4695152984,-0.2434129227,-0.512791666,44.8
"450",0.05179848301,0.2705771657,0.2247707952,0.4928179579,-0.2655171597,-0.5317001096,44.9
"451",0.03755057123,0.2719087463,0.221841318,0.5145227207,-0.2443450291,-0.4988100703,45
"452",0.05086637663,0.2765692782,0.2346244911,0.4968126995,-0.2402171294,-0.549809605,45.1
"453",0.05685848906,0.2532666187,0.241681868,0.4941495384,-0.2506034576,-0.5048021827,45.2
"454",0.06364954981,0.2717755882,0.2383529167,0.4544684383,-0.2474076643,-0.4691158242,45.3
"455",0.08735168342,0.2628539986,0.2394181811,0.4619252893,-0.2557966217,-0.4994758606,45.4
"456",0.07789746159,0.2625876825,0.2431466066,0.4889563743,-0.2288986948,-0.5167864076,45.5
"457",0.0781637777,0.2468750321,0.2399508133,0.5183843042,-0.2403502875,-0.5222458878,45.6
"458",0.06578007868,0.2536660929,0.2314286979,0.4917526934,-0.2573945184,-0.5150553529,45.7
"459",0.04873584776,0.2544650412,0.2336923848,0.4540689641,-0.2193113149,-0.5282380002,45.8
"460",0.06777744949,0.2520681962,0.244211871,0.4767058333,-0.2270344821,-0.5086637663,45.9
"461",0.05166532495,0.2555303056,NA,0.4952148028,-0.2347576492,-0.4719121434,46
"462",0.07097324278,0.2669818983,NA,0.503071128,-0.2239718468,-0.5119927176,46.1
"463",0.04793689944,0.2667155822,NA,0.4905542709,-0.2395513391,-0.5709817356,46.2
"464",0.07203850721,0.2583266248,NA,0.473376882,-0.2217081599,-0.4799016266,46.3
"465",0.07363640386,0.2504702996,NA,0.4688495081,-0.2379534425,-0.4829642619,46.4
"466",0.07470166829,0.2608566278,NA,0.5001416508,-0.2229065824,-0.4942826964,46.5
"467",0.07270429748,0.2581934667,NA,0.5082642921,-0.2495381932,-0.5283711583,46.6
"468",0.04740426722,0.2573945184,NA,0.5141232465,-0.2190449988,-0.5443501248,46.7
"469",0.0697748203,0.2703108496,NA,0.4763063592,-0.2853577097,-0.5323658999,46.8
"470",0.06325007565,0.2585929409,NA,0.4655205568,-0.2627208405,-0.4797684686,46.9
"471",0.056725331,0.2573945184,NA,0.4898884807,-0.2407497616,-0.5269064197,47
"472",0.05033374441,0.2649845275,NA,0.5111937693,-0.2396844972,-0.5370264318,47.1
"473",0.05592638268,0.2615224181,NA,0.5111937693,-0.2308960656,-0.5287706324,47.2
"474",0.071505875,0.2553971476,NA,0.4596616024,-0.2335592267,-0.5340969546,47.3
"475",0.06511428841,0.2506034576,NA,0.4820321555,-0.226768166,-0.5067995535,47.4
"476",0.07097324278,0.2656503177,NA,0.4909537451,-0.2700445335,-0.5259743133,47.5
"477",0.06791060754,0.2684466369,NA,0.4814995233,-0.2454102935,NA,47.6
"478",0.07163903305,0.1143827684,NA,0.4818989974,-0.2499376674,NA,47.7
"479",0.07962851629,-0.493217432,NA,0.4780374139,-0.2312955398,NA,47.8
"480",0.05858954376,-0.9607353596,NA,0.4776379397,-0.2420813422,NA,47.9
"481",0.06697850116,-0.7491472118,NA,0.4916195354,-0.2026665582,NA,48
"482",0.06711165922,-0.8093346522,NA,0.4936169062,-0.2395513391,NA,48.1
"483",0.06431534008,-0.8302404667,NA,0.4278368275,-0.2027997162,NA,48.2
"484",0.08548747067,-1.149287164,NA,0.4764395172,-0.249138719,NA,48.3
"485",0.05126585079,NA,NA,0.4860268971,-0.2426139744,NA,48.4
"486",0.08149272905,NA,NA,0.4998753347,-0.2404834455,NA,48.5
"487",0.08242483543,NA,NA,0.4652542407,-0.204663929,NA,48.6
"488",0.07230482332,NA,NA,0.4334294658,-0.2241050049,NA,48.7
"489",0.07922904213,NA,NA,0.4813663652,-0.2338255428,NA,48.8
"490",0.04101268063,NA,NA,0.5207811492,-0.2300971173,NA,48.9
"491",0.08588694483,NA,NA,0.5113269274,-0.2427471324,NA,49
"492",0.05299690549,NA,NA,0.4569984413,-0.2528671445,NA,49.1
"493",0.06684534311,NA,NA,0.4472779034,-0.2087918287,NA,49.2
"494",0.06125270484,NA,NA,0.4612594991,-0.2503371415,NA,49.3
"495",0.06298375954,NA,NA,0.5022721797,-0.2779008587,NA,49.4
"496",0.07177219111,NA,NA,0.500541125,-0.258859257,NA,49.5
"497",0.06032059846,NA,NA,0.4612594991,-0.2087918287,NA,49.6
"498",0.06325007565,NA,NA,0.500541125,-0.2621882083,NA,49.7
"499",0.07310377165,NA,NA,0.49814428,-0.2163818378,NA,49.8
"500",0.06418218203,NA,NA,0.4936169062,-0.2362223878,NA,49.9
"501",0.06218481122,NA,NA,0.4898884807,-0.2543318831,NA,50
"502",0.0498011122,NA,NA,0.4672516115,-0.2274339562,NA,50.1
"503",0.07962851629,NA,NA,0.483230578,-0.2541987251,NA,50.2
"504",0.06471481424,NA,NA,0.4805674169,-0.2412823938,NA,50.3
"505",0.06604639478,NA,NA,0.4736431981,-0.2472745063,NA,50.4
"506",0.07044061057,NA,NA,0.4672516115,-0.1689775705,NA,50.5
"507",0.07656588105,NA,NA,0.5282380002,-0.2543318831,NA,50.6
"508",0.05659217295,NA,NA,0.4929511159,-0.2603239956,NA,50.7
"509",0.06937534613,NA,NA,0.4577973897,-0.2376871264,NA,50.8
"510",0.08069378072,NA,NA,0.4705805628,-0.2814961262,NA,50.9
"511",0.05858954376,NA,NA,0.4826979458,-0.2320944881,NA,51
"512",0.06404902397,NA,NA,0.5137237723,-0.246608716,NA,51.1
"513",0.07536745856,NA,NA,0.4787032041,-0.2363555459,NA,51.2
"514",0.0581900696,NA,NA,0.4697816145,-0.219577631,NA,51.3
"515",0.07217166527,NA,NA,0.5048021827,-0.2462092418,NA,51.4
"516",0.05539375046,NA,NA,0.5013400733,-0.2133192025,NA,51.5
"517",0.09361011196,NA,NA,0.4624579215,-0.2647182114,NA,51.6
"518",0.07163903305,NA,NA,0.4480768517,-0.2336923848,NA,51.7
"519",0.05938849208,NA,NA,0.4910869032,-0.2190449988,NA,51.8
"520",0.06045375652,NA,NA,0.4992095444,-0.2291650109,NA,51.9
"521",0.03715109707,NA,NA,0.4593952863,-0.2436792388,NA,52
"522",0.07936220018,NA,NA,0.4637895021,-0.2499376674,NA,52.1
"523",0.08042746462,NA,NA,0.5157211431,-0.2312955398,NA,52.2
"524",0.07789746159,NA,NA,0.4918858515,-0.2462092418,NA,52.3
"525",0.07909588408,NA,NA,0.4649879246,-0.2364887039,NA,52.4
"526",0.0633832337,NA,NA,0.4661863471,-0.2279665884,NA,52.5
"527",0.066579027,NA,NA,0.4904211129,-0.2486060868,NA,52.6
"528",0.06231796927,NA,NA,0.5001416508,-0.2428802905,NA,52.7
"529",0.06910903003,NA,NA,0.4820321555,-0.2419481841,NA,52.8
"530",0.06764429143,NA,NA,0.4994758606,-0.2239718468,NA,52.9
"531",0.06524744646,NA,NA,0.5229116781,-0.2543318831,NA,53
"532",0.07257113943,NA,NA,0.490820587,-0.2711097979,NA,53.1
"533",0.06125270484,NA,NA,0.4800347847,-0.2237055307,NA,53.2
"534",0.06711165922,NA,NA,0.495747435,-0.2436792388,NA,53.3
"535",0.05792375349,NA,NA,0.5293032646,-0.2414155519,NA,53.4
"536",0.07550061662,NA,NA,0.47830373,-0.2376871264,NA,53.5
"537",0.07163903305,NA,NA,0.4504736967,-0.2384860747,NA,53.6
"538",0.05379585382,NA,NA,0.5137237723,-0.2379534425,NA,53.7
"539",0.06884271392,NA,NA,0.4865595293,-0.28122981,NA,53.8
"540",0.06018744041,NA,NA,0.4744421464,-0.2230397404,NA,53.9
"541",0.07590009078,NA,NA,0.4661863471,-0.2450108194,NA,54
"542",0.06271744343,NA,NA,0.5324990579,-0.2291650109,NA,54.1
"543",0.07190534916,NA,NA,0.4789695202,-0.2380866006,NA,54.2
"544",0.0633832337,NA,NA,0.4838963682,-0.2166481539,NA,54.3
"545",0.06404902397,NA,NA,0.5194495687,-0.2340918589,NA,54.4
"546",0.06804376559,NA,NA,0.5028048119,-0.2428802905,NA,54.5
"547",0.07297061359,NA,NA,0.4480768517,-0.2471413482,NA,54.6
"548",0.06085323068,NA,NA,0.4797684686,-0.2568618862,NA,54.7
"549",0.05073321857,NA,NA,0.5118595596,-0.2231728985,NA,54.8
"550",0.07869640991,NA,NA,0.4818989974,-0.2543318831,NA,54.9
"551",0.06471481424,NA,NA,0.4530036997,-0.2404834455,NA,55
"552",0.06697850116,NA,NA,0.5250422069,-0.2283660626,NA,55.1
"553",0.05725796322,NA,NA,0.4901547968,-0.2426139744,NA,55.2
"554",0.06471481424,NA,NA,0.4873584776,-0.2507366157,NA,55.3
"555",0.07936220018,NA,NA,0.4704474048,-0.2424808163,NA,55.4
"556",0.07270429748,NA,NA,0.5139900884,-0.2230397404,NA,55.5
"557",0.06325007565,NA,NA,0.5075985018,-0.219577631,NA,55.6
"558",0.08721852537,NA,NA,0.4877579518,-0.1952097072,NA,55.7
"559",-0.4386226299,NA,NA,0.4527373836,-0.2400839714,NA,55.8
"560",-0.9126653021,NA,NA,0.5121258757,-0.2790992812,NA,55.9
"561",-0.9254484753,NA,NA,0.5024053377,-0.2407497616,NA,56
"562",-0.7194529658,NA,NA,0.4781705719,-0.2667155822,NA,56.1
"563",-0.2902845577,NA,NA,0.5182511462,-0.2319613301,NA,56.2
"564",0.16764599,NA,NA,0.4705805628,-0.2660497919,NA,56.3
"565",0.8177236096,NA,NA,0.4603273927,-0.2693787432,NA,56.4
"566",1.428785919,NA,NA,0.4889563743,-0.2467418741,NA,56.5
"567",1.33570844,NA,NA,0.4918858515,-0.2450108194,NA,56.6
"568",0.8030762237,NA,NA,0.4370247332,-0.2467418741,NA,56.7
"569",0.2655171597,NA,NA,0.4800347847,-0.2454102935,NA,56.8
"570",-0.08269115153,NA,NA,0.4982774381,-0.2190449988,NA,56.9
"571",-2.895255568,NA,NA,0.4763063592,-0.2412823938,NA,57
"572",-3.859985669,NA,NA,0.4692489823,-0.2779008587,NA,57.1
"573",-1.964480771,NA,NA,0.5097290307,-0.2495381932,NA,57.2
"574",-0.05912217598,NA,NA,0.4569984413,-0.2679140046,NA,57.3
"575",1.280048373,NA,NA,0.4669852954,-0.2142513089,NA,57.4
"576",1.707485726,NA,NA,0.4817658394,-0.2410160777,NA,57.5
"577",1.79483741,NA,NA,0.5075985018,-0.2631203147,NA,57.6
"578",1.66753831,NA,NA,0.4712463531,-0.2438123969,NA,57.7
"579",1.179913516,NA,NA,0.507997976,-0.2512692479,NA,57.8
"580",0.732369297,NA,NA,0.5050684988,-0.2233060566,NA,57.9
"581",0.4877579518,NA,NA,0.4760400431,-0.2655171597,NA,58
"582",0.2837598131,NA,NA,0.4856274229,-0.244211871,NA,58.1
"583",0.3825630891,NA,NA,NA,-0.2619218922,NA,58.2
"584",0.5368932737,NA,NA,NA,-0.2410160777,NA,58.3
"585",0.6394249753,NA,NA,NA,-0.1956091813,NA,58.4
"586",0.586827544,NA,NA,NA,-0.2685797949,NA,58.5
"587",0.5779059544,NA,NA,NA,-0.2527339865,NA,58.6
"588",0.6872287167,NA,NA,NA,-0.2559297798,NA,58.7
"589",0.6451507716,NA,NA,NA,-0.2474076643,NA,58.8
"590",0.606534936,NA,NA,NA,-0.239151865,NA,58.9
"591",0.5978796625,NA,NA,NA,-0.2295644851,NA,59
"592",0.5872270181,NA,NA,NA,-0.2476739804,NA,59.1
"593",0.5809685896,NA,NA,NA,-0.2127865703,NA,59.2
"594",0.5812349057,NA,NA,NA,-0.2577939925,NA,59.3
"595",0.5781722705,NA,NA,NA,-0.2298308012,NA,59.4
"596",0.5803027993,NA,NA,NA,-0.2387523908,NA,59.5
"597",0.5791043768,NA,NA,NA,-0.2511360898,NA,59.6
"598",0.5775064802,NA,NA,NA,-0.2133192025,NA,59.7
"599",0.5821670121,NA,NA,NA,-0.2511360898,NA,59.8
"600",0.579503851,NA,NA,NA,-0.2250371113,NA,59.9
"601",0.5704491033,NA,NA,NA,-0.2199771052,NA,60
"602",0.5314337935,NA,NA,NA,-0.2524676704,NA,60.1
"603",0.5880259665,NA,NA,NA,-0.2511360898,NA,60.2
"604",0.5466138117,NA,NA,NA,-0.2364887039,NA,60.3
"605",0.5558017174,NA,NA,NA,-0.2234392146,NA,60.4
"606",0.5593969849,NA,NA,NA,-0.256329254,NA,60.5
"607",0.5551359271,NA,NA,NA,-0.2287655368,NA,60.6
"608",0.5665875198,NA,NA,NA,-0.23675502,NA,60.7
"609",0.584430699,NA,NA,NA,-0.251535564,NA,60.8
"610",0.5998770333,NA,NA,NA,-0.2380866006,NA,60.9
"611",0.6458165619,NA,NA,NA,-0.2535329348,NA,61
"612",0.6348976015,NA,NA,NA,-0.2487392449,NA,61.1
"613",0.6056028296,NA,NA,NA,-0.2470081902,NA,61.2
"614",0.584297541,NA,NA,NA,-0.1768338957,NA,61.3
"615",0.5668538359,NA,NA,NA,-0.1992044488,NA,61.4
"616",0.5507417113,NA,NA,NA,-0.2545981992,NA,61.5
"617",0.5406216992,NA,NA,NA,-0.2221076341,NA,61.6
"618",0.5335643224,NA,NA,NA,-0.2571282023,NA,61.7
"619",0.5267732616,NA,NA,NA,-0.2352902814,NA,61.8
"620",0.5161206173,NA,NA,NA,-0.258992415,NA,61.9
"621",0.5155879851,NA,NA,NA,-0.2402171294,NA,62
"622",0.5087969243,NA,NA,NA,-0.2211755277,NA,62.1
"623",0.5107942951,NA,NA,NA,-0.2625876825,NA,62.2
"624",0.4988100703,NA,NA,NA,-0.2350239653,NA,62.3
"625",0.5052016569,NA,NA,NA,-0.2374208103,NA,62.4
"626",0.5045358666,NA,NA,NA,-0.2475408224,NA,62.5
"627",0.5101285049,NA,NA,NA,-0.251535564,NA,62.6
"628",0.5239769425,NA,NA,NA,-0.2380866006,NA,62.7
"629",0.5328985321,NA,NA,NA,-0.2239718468,NA,62.8
"630",NA,NA,NA,NA,-0.2414155519,NA,62.9
"631",NA,NA,NA,NA,-0.2435460808,NA,63
"632",NA,NA,NA,NA,-0.266316108,NA,63.1
"633",NA,NA,NA,NA,-0.2222407921,NA,63.2
"634",NA,NA,NA,NA,-0.2352902814,NA,63.3
"635",NA,NA,NA,NA,-0.2351571234,NA,63.4
"636",NA,NA,NA,NA,-0.2548645154,NA,63.5
"637",NA,NA,NA,NA,-0.2731071688,NA,63.6
"638",NA,NA,NA,NA,-0.2603239956,NA,63.7
"639",NA,NA,NA,NA,-0.2348908073,NA,63.8
"640",NA,NA,NA,NA,-0.2411492358,NA,63.9
"641",NA,NA,NA,NA,-0.2597913634,NA,64
"642",NA,NA,NA,NA,-0.2436792388,NA,64.1
"643",NA,NA,NA,NA,-0.2507366157,NA,64.2
"644",NA,NA,NA,NA,-0.2438123969,NA,64.3
"645",NA,NA,NA,NA,-0.2804308617,NA,64.4
"646",NA,NA,NA,NA,-0.2731071688,NA,64.5
"647",NA,NA,NA,NA,-0.2275671143,NA,64.6
"648",NA,NA,NA,NA,-0.2727076946,NA,64.7
"649",NA,NA,NA,NA,-0.2427471324,NA,64.8
"650",NA,NA,NA,NA,-0.2450108194,NA,64.9
"651",NA,NA,NA,NA,-0.2747050654,NA,65
"652",NA,NA,NA,NA,-0.2708434818,NA,65.1
"653",NA,NA,NA,NA,-0.273639801,NA,65.2
"654",NA,NA,NA,NA,-0.2050634032,NA,65.3
"655",NA,NA,NA,NA,-0.246608716,NA,65.4
"656",NA,NA,NA,NA,-0.2368881781,NA,65.5
"657",NA,NA,NA,NA,-0.2463423999,NA,65.6
"658",NA,NA,NA,NA,-0.2257029015,NA,65.7
"659",NA,NA,NA,NA,-0.2189118408,NA,65.8
"660",NA,NA,NA,NA,-0.2295644851,NA,65.9
"661",NA,NA,NA,NA,-0.2207760535,NA,66
"662",NA,NA,NA,NA,-0.2161155216,NA,66.1
"663",NA,NA,NA,NA,-0.1962749716,NA,66.2
"664",NA,NA,NA,NA,-0.2438123969,NA,66.3
"665",NA,NA,NA,NA,-0.2229065824,NA,66.4
"666",NA,NA,NA,NA,-0.2617887342,NA,66.5
"667",NA,NA,NA,NA,-0.2020007679,NA,66.6
"668",NA,NA,NA,NA,-0.2748382235,NA,66.7
"669",NA,NA,NA,NA,-0.3129214269,NA,66.8
"670",NA,NA,NA,NA,-0.2326271203,NA,66.9
"671",NA,NA,NA,NA,-0.2962766702,NA,67
"672",NA,NA,NA,NA,-0.2616555761,NA,67.1
"673",NA,NA,NA,NA,-0.2757703298,NA,67.2
"674",NA,NA,NA,NA,-0.2592587311,NA,67.3
"675",NA,NA,NA,NA,-0.2854908678,NA,67.4
"676",NA,NA,NA,NA,-0.2430134486,NA,67.5
"677",NA,NA,NA,NA,-0.2651176855,NA,67.6
"678",NA,NA,NA,NA,-0.246608716,NA,67.7
"679",NA,NA,NA,NA,-0.2198439472,NA,67.8
"680",NA,NA,NA,NA,-0.2384860747,NA,67.9
"681",NA,NA,NA,NA,-0.2257029015,NA,68
"682",NA,NA,NA,NA,-0.2404834455,NA,68.1
"683",NA,NA,NA,NA,-0.2496713512,NA,68.2
"684",NA,NA,NA,NA,-0.2660497919,NA,68.3
"685",NA,NA,NA,NA,-0.2580603087,NA,68.4
"686",NA,NA,NA,NA,-0.2478071385,NA,68.5
"687",NA,NA,NA,NA,-0.2410160777,NA,68.6
"688",NA,NA,NA,NA,-0.2526008284,NA,68.7
"689",NA,NA,NA,NA,-0.2641855791,NA,68.8
"690",NA,NA,NA,NA,-0.2055960354,NA,68.9
"691",NA,NA,NA,NA,-0.2555303056,NA,69
"692",NA,NA,NA,NA,-0.2332929106,NA,69.1
"693",NA,NA,NA,NA,-0.236621862,NA,69.2
"694",NA,NA,NA,NA,-0.2673813724,NA,69.3
"695",NA,NA,NA,NA,-0.2238386888,NA,69.4
"696",NA,NA,NA,NA,-0.2444781871,NA,69.5
"697",NA,NA,NA,NA,-0.2443450291,NA,69.6
"698",NA,NA,NA,NA,-0.2765692782,NA,69.7
"699",NA,NA,NA,NA,-0.2498045093,NA,69.8
"700",NA,NA,NA,NA,-0.2150502572,NA,69.9
"701",NA,NA,NA,NA,-0.1964081296,NA,70
"702",NA,NA,NA,NA,-0.2161155216,NA,70.1
"703",NA,NA,NA,NA,-0.231828172,NA,70.2
"704",NA,NA,NA,NA,-0.239151865,NA,70.3
"705",NA,NA,NA,NA,-0.2459429257,NA,70.4
"706",NA,NA,NA,NA,-0.2557966217,NA,70.5
"707",NA,NA,NA,NA,-0.2593918892,NA,70.6
"708",NA,NA,NA,NA,-0.2069276159,NA,70.7
"709",NA,NA,NA,NA,-0.226768166,NA,70.8
"710",NA,NA,NA,NA,-0.2628539986,NA,70.9
"711",NA,NA,NA,NA,-0.2147839411,NA,71
"712",NA,NA,NA,NA,-0.2631203147,NA,71.1
"713",NA,NA,NA,NA,-0.229431327,NA,71.2
"714",NA,NA,NA,NA,-0.2483397707,NA,71.3
"715",NA,NA,NA,NA,-0.258859257,NA,71.4
"716",NA,NA,NA,NA,-0.2611229439,NA,71.5
"717",NA,NA,NA,NA,-0.2612561019,NA,71.6
"718",NA,NA,NA,NA,-0.2383529167,NA,71.7
"719",NA,NA,NA,NA,-0.2399508133,NA,71.8
"720",NA,NA,NA,NA,-0.2302302754,NA,71.9
"721",NA,NA,NA,NA,-0.2585929409,NA,72
"722",NA,NA,NA,NA,-0.2728408526,NA,72.1
"723",NA,NA,NA,NA,-0.2470081902,NA,72.2
"724",NA,NA,NA,NA,-0.2351571234,NA,72.3
"725",NA,NA,NA,NA,-0.2364887039,NA,72.4
"726",NA,NA,NA,NA,-0.2230397404,NA,72.5
"727",NA,NA,NA,NA,-0.2744387493,NA,72.6
"728",NA,NA,NA,NA,-0.2671150563,NA,72.7
"729",NA,NA,NA,NA,-0.2659166338,NA,72.8
"730",NA,NA,NA,NA,-0.2671150563,NA,72.9
"731",NA,NA,NA,NA,-0.2371544942,NA,73
"732",NA,NA,NA,NA,-0.2261023757,NA,73.1
"733",NA,NA,NA,NA,-0.2608566278,NA,73.2
"734",NA,NA,NA,NA,-0.2312955398,NA,73.3
"735",NA,NA,NA,NA,-0.2516687221,NA,73.4
"736",NA,NA,NA,NA,-0.1968076038,NA,73.5
"737",NA,NA,NA,NA,-0.278566649,NA,73.6
"738",NA,NA,NA,NA,-0.2560629378,NA,73.7
"739",NA,NA,NA,NA,-0.2677808466,NA,73.8
"740",NA,NA,NA,NA,-0.2330265945,NA,73.9
"741",NA,NA,NA,NA,-0.2629871566,NA,74
"742",NA,NA,NA,NA,-0.2516687221,NA,74.1
"743",NA,NA,NA,NA,-0.2757703298,NA,74.2
"744",NA,NA,NA,NA,-0.2330265945,NA,74.3
"745",NA,NA,NA,NA,-0.2275671143,NA,74.4
"746",NA,NA,NA,NA,-0.2699113755,NA,74.5
"747",NA,NA,NA,NA,-0.2275671143,NA,74.6
"748",NA,NA,NA,NA,-0.2504702996,NA,74.7
"749",NA,NA,NA,NA,-0.2275671143,NA,74.8
"750",NA,NA,NA,NA,-0.2583266248,NA,74.9
"751",NA,NA,NA,NA,-0.2278334304,NA,75
"752",NA,NA,NA,NA,-0.2370213361,NA,75.1
"753",NA,NA,NA,NA,-0.2601908375,NA,75.2
"754",NA,NA,NA,NA,-0.3042661534,NA,75.3
"755",NA,NA,NA,NA,-0.2531334607,NA,75.4
"756",NA,NA,NA,NA,-0.256462412,NA,75.5
"757",NA,NA,NA,NA,-0.2571282023,NA,75.6
"758",NA,NA,NA,NA,-0.2340918589,NA,75.7
"759",NA,NA,NA,NA,-0.2277002723,NA,75.8
"760",NA,NA,NA,NA,-0.217047628,NA,75.9
"761",NA,NA,NA,NA,-0.2471413482,NA,76
"762",NA,NA,NA,NA,-0.2826945486,NA,76.1
"763",NA,NA,NA,NA,-0.2340918589,NA,76.2
"764",NA,NA,NA,NA,-0.2549976734,NA,76.3
"765",NA,NA,NA,NA,-0.2456766096,NA,76.4
"766",NA,NA,NA,NA,-0.2751045396,NA,76.5
"767",NA,NA,NA,NA,-0.2423476583,NA,76.6
"768",NA,NA,NA,NA,-0.2536660929,NA,76.7
"769",NA,NA,NA,NA,-0.2431466066,NA,76.8
"770",NA,NA,NA,NA,-0.2561960959,NA,76.9
"771",NA,NA,NA,NA,-0.2153165733,NA,77
"772",NA,NA,NA,NA,-0.2592587311,NA,77.1
"773",NA,NA,NA,NA,-0.2352902814,NA,77.2
"774",NA,NA,NA,NA,-0.2290318529,NA,77.3
"775",NA,NA,NA,NA,-0.2788329651,NA,77.4
"776",NA,NA,NA,NA,-0.2536660929,NA,77.5
"777",NA,NA,NA,NA,-0.2552639895,NA,77.6
"778",NA,NA,NA,NA,-0.2199771052,NA,77.7
"779",NA,NA,NA,NA,-0.2739061171,NA,77.8
"780",NA,NA,NA,NA,-0.2407497616,NA,77.9
"781",NA,NA,NA,NA,-0.2286323787,NA,78
"782",NA,NA,NA,NA,-0.2615224181,NA,78.1
"783",NA,NA,NA,NA,-0.1996039229,NA,78.2
"784",NA,NA,NA,NA,-0.2691124271,NA,78.3
"785",NA,NA,NA,NA,-0.2548645154,NA,78.4
"786",NA,NA,NA,NA,-0.2585929409,NA,78.5
"787",NA,NA,NA,NA,-0.2677808466,NA,78.6
"788",NA,NA,NA,NA,-0.2335592267,NA,78.7
"789",NA,NA,NA,NA,-0.2434129227,NA,78.8
"790",NA,NA,NA,NA,-0.2395513391,NA,78.9
"791",NA,NA,NA,NA,-0.2358229136,NA,79
"792",NA,NA,NA,NA,-0.2659166338,NA,79.1
"793",NA,NA,NA,NA,-0.2631203147,NA,79.2
"794",NA,NA,NA,NA,-0.246608716,NA,79.3
"795",NA,NA,NA,NA,-0.246608716,NA,79.4
"796",NA,NA,NA,NA,-0.2423476583,NA,79.5
"797",NA,NA,NA,NA,-0.2661829499,NA,79.6
"798",NA,NA,NA,NA,-0.2472745063,NA,79.7
"799",NA,NA,NA,NA,-0.2708434818,NA,79.8
"800",NA,NA,NA,NA,-0.2713761141,NA,79.9
"801",NA,NA,NA,NA,-0.2809634939,NA,80
"802",NA,NA,NA,NA,-0.2721750624,NA,80.1
"803",NA,NA,NA,NA,-0.2673813724,NA,80.2
"804",NA,NA,NA,NA,-0.2545981992,NA,80.3
"805",NA,NA,NA,NA,-0.2560629378,NA,80.4
"806",NA,NA,NA,NA,-0.2530003026,NA,80.5
"807",NA,NA,NA,NA,-0.2202434213,NA,80.6
"808",NA,NA,NA,NA,-0.2617887342,NA,80.7
"809",NA,NA,NA,NA,-0.2438123969,NA,80.8
"810",NA,NA,NA,NA,-0.2541987251,NA,80.9
"811",NA,NA,NA,NA,-0.2643187372,NA,81
"812",NA,NA,NA,NA,-0.2583266248,NA,81.1
"813",NA,NA,NA,NA,-0.2261023757,NA,81.2
"814",NA,NA,NA,NA,-0.2557966217,NA,81.3
"815",NA,NA,NA,NA,-0.2320944881,NA,81.4
"816",NA,NA,NA,NA,-0.2296976432,NA,81.5
"817",NA,NA,NA,NA,-0.2532666187,NA,81.6
"818",NA,NA,NA,NA,-0.2315618559,NA,81.7
"819",NA,NA,NA,NA,-0.2483397707,NA,81.8
"820",NA,NA,NA,NA,-0.2428802905,NA,81.9
"821",NA,NA,NA,NA,-0.2557966217,NA,82
"822",NA,NA,NA,NA,-0.226768166,NA,82.1
"823",NA,NA,NA,NA,-0.2769687523,NA,82.2
"824",NA,NA,NA,NA,-0.256462412,NA,82.3
"825",NA,NA,NA,NA,-0.2556634637,NA,82.4
"826",NA,NA,NA,NA,-0.2190449988,NA,82.5
"827",NA,NA,NA,NA,-0.2306297495,NA,82.6
"828",NA,NA,NA,NA,-0.2387523908,NA,82.7
"829",NA,NA,NA,NA,-0.2494050351,NA,82.8
"830",NA,NA,NA,NA,-0.2436792388,NA,82.9
"831",NA,NA,NA,NA,-0.2418150261,NA,83
"832",NA,NA,NA,NA,-0.2733734849,NA,83.1
"833",NA,NA,NA,NA,-0.2593918892,NA,83.2
"834",NA,NA,NA,NA,-0.2475408224,NA,83.3
"835",NA,NA,NA,NA,-0.2944124574,NA,83.4
"836",NA,NA,NA,NA,-0.2350239653,NA,83.5
"837",NA,NA,NA,NA,-0.2680471627,NA,83.6
"838",NA,NA,NA,NA,-0.2830940228,NA,83.7
"839",NA,NA,NA,NA,-0.246608716,NA,83.8
"840",NA,NA,NA,NA,-0.2435460808,NA,83.9
"841",NA,NA,NA,NA,-0.2516687221,NA,84
"842",NA,NA,NA,NA,-0.2551308315,NA,84.1
"843",NA,NA,NA,NA,-0.268846111,NA,84.2
"844",NA,NA,NA,NA,-0.2661829499,NA,84.3
"845",NA,NA,NA,NA,-0.2511360898,NA,84.4
"846",NA,NA,NA,NA,-0.2615224181,NA,84.5
"847",NA,NA,NA,NA,-0.2804308617,NA,84.6
"848",NA,NA,NA,NA,-0.2356897556,NA,84.7
"849",NA,NA,NA,NA,-0.2230397404,NA,84.8
"850",NA,NA,NA,NA,-0.2936135091,NA,84.9
"851",NA,NA,NA,NA,-0.2182460505,NA,85
"852",NA,NA,NA,NA,-0.2661829499,NA,85.1
"853",NA,NA,NA,NA,-0.278699807,NA,85.2
"854",NA,NA,NA,NA,-0.236621862,NA,85.3
"855",NA,NA,NA,NA,-0.2506034576,NA,85.4
"856",NA,NA,NA,NA,-0.2462092418,NA,85.5
"857",NA,NA,NA,NA,-0.2523345123,NA,85.6
"858",NA,NA,NA,NA,-0.2518018801,NA,85.7
"859",NA,NA,NA,NA,-0.2601908375,NA,85.8
"860",NA,NA,NA,NA,-0.2239718468,NA,85.9
"861",NA,NA,NA,NA,-0.2575276764,NA,86
"862",NA,NA,NA,NA,-0.2334260687,NA,86.1
"863",NA,NA,NA,NA,-0.2524676704,NA,86.2
"864",NA,NA,NA,NA,-0.241681868,NA,86.3
"865",NA,NA,NA,NA,-0.2756371718,NA,86.4
"866",NA,NA,NA,NA,-0.2241050049,NA,86.5
"867",NA,NA,NA,NA,-0.2620550503,NA,86.6
"868",NA,NA,NA,NA,-0.219444473,NA,86.7
"869",NA,NA,NA,NA,-0.2426139744,NA,86.8
"870",NA,NA,NA,NA,-0.2771019104,NA,86.9
"871",NA,NA,NA,NA,-0.2585929409,NA,87
"872",NA,NA,NA,NA,-0.2767024362,NA,87.1
"873",NA,NA,NA,NA,-0.2362223878,NA,87.2
"874",NA,NA,NA,NA,-0.2506034576,NA,87.3
"875",NA,NA,NA,NA,-0.2278334304,NA,87.4
"876",NA,NA,NA,NA,-0.2127865703,NA,87.5
"877",NA,NA,NA,NA,-0.2448776613,NA,87.6
"878",NA,NA,NA,NA,-0.2854908678,NA,87.7
"879",NA,NA,NA,NA,-0.2287655368,NA,87.8
"880",NA,NA,NA,NA,-0.2628539986,NA,87.9
"881",NA,NA,NA,NA,-0.283626655,NA,88
"882",NA,NA,NA,NA,-0.2649845275,NA,88.1
"883",NA,NA,NA,NA,-0.2860235,NA,88.2
"884",NA,NA,NA,NA,-0.2229065824,NA,88.3
"885",NA,NA,NA,NA,-0.2620550503,NA,88.4
"886",NA,NA,NA,NA,-0.2458097677,NA,88.5
"887",NA,NA,NA,NA,-0.2551308315,NA,88.6
"888",NA,NA,NA,NA,-0.2454102935,NA,88.7
"889",NA,NA,NA,NA,-0.2587260989,NA,88.8
"890",NA,NA,NA,NA,-0.2351571234,NA,88.9
"891",NA,NA,NA,NA,-0.2829608648,NA,89
"892",NA,NA,NA,NA,-0.2346244911,NA,89.1
"893",NA,NA,NA,NA,-0.2681803208,NA,89.2
"894",NA,NA,NA,NA,-0.2846919195,NA,89.3
"895",NA,NA,NA,NA,-0.2484729288,NA,89.4
"896",NA,NA,NA,NA,-0.2961435121,NA,89.5
"897",NA,NA,NA,NA,-0.2518018801,NA,89.6
"898",NA,NA,NA,NA,-0.2755040137,NA,89.7
"899",NA,NA,NA,NA,-0.2472745063,NA,89.8
"900",NA,NA,NA,NA,-0.2636529469,NA,89.9
"901",NA,NA,NA,NA,-0.2239718468,NA,90
"902",NA,NA,NA,NA,-0.2404834455,NA,90.1
"903",NA,NA,NA,NA,-0.2287655368,NA,90.2
"904",NA,NA,NA,NA,-0.3075951047,NA,90.3
"905",NA,NA,NA,NA,-0.2396844972,NA,90.4
"906",NA,NA,NA,NA,-0.2398176553,NA,90.5
"907",NA,NA,NA,NA,-0.2436792388,NA,90.6
"908",NA,NA,NA,NA,-0.2480734546,NA,90.7
"909",NA,NA,NA,NA,-0.2536660929,NA,90.8
"910",NA,NA,NA,NA,-0.2620550503,NA,90.9
"911",NA,NA,NA,NA,-0.2584597828,NA,91
"912",NA,NA,NA,NA,-0.2595250472,NA,91.1
"913",NA,NA,NA,NA,-0.2575276764,NA,91.2
"914",NA,NA,NA,NA,-0.2339587009,NA,91.3
"915",NA,NA,NA,NA,-0.2776345426,NA,91.4
"916",NA,NA,NA,NA,-0.2797650715,NA,91.5
"917",NA,NA,NA,NA,-0.2378202844,NA,91.6
"918",NA,NA,NA,NA,-0.2203765794,NA,91.7
"919",NA,NA,NA,NA,-0.234225017,NA,91.8
"920",NA,NA,NA,NA,-0.2559297798,NA,91.9
"921",NA,NA,NA,NA,-0.2615224181,NA,92
"922",NA,NA,NA,NA,-0.2537992509,NA,92.1
"923",NA,NA,NA,NA,-0.2532666187,NA,92.2
"924",NA,NA,NA,NA,-0.2474076643,NA,92.3
"925",NA,NA,NA,NA,-0.249005561,NA,92.4
"926",NA,NA,NA,NA,-0.2456766096,NA,92.5
"927",NA,NA,NA,NA,-0.2411492358,NA,92.6
"928",NA,NA,NA,NA,-0.2938798252,NA,92.7
"929",NA,NA,NA,NA,-0.2456766096,NA,92.8
"930",NA,NA,NA,NA,-0.2249039532,NA,92.9
"931",NA,NA,NA,NA,-0.2113218317,NA,93
"932",NA,NA,NA,NA,-0.2825613906,NA,93.1
"933",NA,NA,NA,NA,-0.2765692782,NA,93.2
"934",NA,NA,NA,NA,-0.2198439472,NA,93.3
"935",NA,NA,NA,NA,-0.283493497,NA,93.4
"936",NA,NA,NA,NA,-0.2842924453,NA,93.5
"937",NA,NA,NA,NA,-0.2394181811,NA,93.6
"938",NA,NA,NA,NA,-0.2065281418,NA,93.7
"939",NA,NA,NA,NA,-0.2793655973,NA,93.8
"940",NA,NA,NA,NA,-0.2675145305,NA,93.9
"941",NA,NA,NA,NA,-0.2792324392,NA,94
"942",NA,NA,NA,NA,-0.2651176855,NA,94.1
"943",NA,NA,NA,NA,-0.239285023,NA,94.2
"944",NA,NA,NA,NA,-0.2324939623,NA,94.3
"945",NA,NA,NA,NA,-0.2644518952,NA,94.4
"946",NA,NA,NA,NA,-0.310790898,NA,94.5
"947",NA,NA,NA,NA,-0.2470081902,NA,94.6
"948",NA,NA,NA,NA,-0.2695119013,NA,94.7
"949",NA,NA,NA,NA,-0.2541987251,NA,94.8
"950",NA,NA,NA,NA,-0.2577939925,NA,94.9
"951",NA,NA,NA,NA,-0.2234392146,NA,95
"952",NA,NA,NA,NA,-0.2600576795,NA,95.1
"953",NA,NA,NA,NA,-0.2299639593,NA,95.2
"954",NA,NA,NA,NA,-0.2667155822,NA,95.3
"955",NA,NA,NA,NA,-0.2623213664,NA,95.4
"956",NA,NA,NA,NA,-0.2569950442,NA,95.5
"957",NA,NA,NA,NA,-0.2741724332,NA,95.6
"958",NA,NA,NA,NA,-0.2772350684,NA,95.7
"959",NA,NA,NA,NA,-0.2625876825,NA,95.8
"960",NA,NA,NA,NA,-0.2595250472,NA,95.9
"961",NA,NA,NA,NA,-0.2025334001,NA,96
"962",NA,NA,NA,NA,-0.2616555761,NA,96.1
"963",NA,NA,NA,NA,-0.2677808466,NA,96.2
"964",NA,NA,NA,NA,-0.2596582053,NA,96.3
"965",NA,NA,NA,NA,-0.2601908375,NA,96.4
"966",NA,NA,NA,NA,-0.2844256033,NA,96.5
"967",NA,NA,NA,NA,-0.2842924453,NA,96.6
"968",NA,NA,NA,NA,-0.2299639593,NA,96.7
"969",NA,NA,NA,NA,-0.2735066429,NA,96.8
"970",NA,NA,NA,NA,-0.2314286979,NA,96.9
"971",NA,NA,NA,NA,-0.2568618862,NA,97
"972",NA,NA,NA,NA,-0.2484729288,NA,97.1
"973",NA,NA,NA,NA,-0.2740392751,NA,97.2
"974",NA,NA,NA,NA,-0.2113218317,NA,97.3
"975",NA,NA,NA,NA,-0.21691447,NA,97.4
"976",NA,NA,NA,NA,-0.2649845275,NA,97.5
"977",NA,NA,NA,NA,-0.2575276764,NA,97.6
"978",NA,NA,NA,NA,-0.251535564,NA,97.7
"979",NA,NA,NA,NA,-0.2692455852,NA,97.8
"980",NA,NA,NA,NA,-0.2888198191,NA,97.9
"981",NA,NA,NA,NA,-0.2656503177,NA,98
"982",NA,NA,NA,NA,-0.2683134788,NA,98.1
"983",NA,NA,NA,NA,-0.2930808769,NA,98.2
"984",NA,NA,NA,NA,-0.2970756185,NA,98.3
"985",NA,NA,NA,NA,-0.2407497616,NA,98.4
"986",NA,NA,NA,NA,-0.2853577097,NA,98.5
"987",NA,NA,NA,NA,-0.2949450896,NA,98.6
"988",NA,NA,NA,NA,-0.249005561,NA,98.7
"989",NA,NA,NA,NA,-0.2324939623,NA,98.8
"990",NA,NA,NA,NA,-0.2627208405,NA,98.9
"991",NA,NA,NA,NA,-0.2273007982,NA,99
"992",NA,NA,NA,NA,-0.2697782174,NA,99.1
"993",NA,NA,NA,NA,-0.2451439774,NA,99.2
"994",NA,NA,NA,NA,-0.2355565975,NA,99.3
"995",NA,NA,NA,NA,-0.2544650412,NA,99.4
"996",NA,NA,NA,NA,-0.2468750321,NA,99.5
"997",NA,NA,NA,NA,-0.2612561019,NA,99.6
"998",NA,NA,NA,NA,-0.2657834758,NA,99.7
"999",NA,NA,NA,NA,-0.244211871,NA,99.8
"1000",NA,NA,NA,NA,-0.2904177158,NA,99.9
"1001",NA,NA,NA,NA,-0.2992061473,NA,100
"1002",NA,NA,NA,NA,-0.2436792388,NA,100.1
"1003",NA,NA,NA,NA,-0.2617887342,NA,100.2
"1004",NA,NA,NA,NA,-0.2520681962,NA,100.3
"1005",NA,NA,NA,NA,-0.258859257,NA,100.4
"1006",NA,NA,NA,NA,-0.249138719,NA,100.5
"1007",NA,NA,NA,NA,-0.2379534425,NA,100.6
"1008",NA,NA,NA,NA,-0.2575276764,NA,100.7
"1009",NA,NA,NA,NA,-0.2404834455,NA,100.8
"1010",NA,NA,NA,NA,-0.2874882386,NA,100.9
"1011",NA,NA,NA,NA,-0.2806971778,NA,101
"1012",NA,NA,NA,NA,-0.2548645154,NA,101.1
"1013",NA,NA,NA,NA,-0.2671150563,NA,101.2
"1014",NA,NA,NA,NA,-0.2593918892,NA,101.3
"1015",NA,NA,NA,NA,-0.300804044,NA,101.4
"1016",NA,NA,NA,NA,-0.2633866308,NA,101.5
"1017",NA,NA,NA,NA,-0.2636529469,NA,101.6
"1018",NA,NA,NA,NA,-0.2468750321,NA,101.7
"1019",NA,NA,NA,NA,-0.2482066127,NA,101.8
"1020",NA,NA,NA,NA,-0.2552639895,NA,101.9
"1021",NA,NA,NA,NA,-0.2577939925,NA,102
"1022",NA,NA,NA,NA,-0.2423476583,NA,102.1
"1023",NA,NA,NA,NA,-0.2355565975,NA,102.2
"1024",NA,NA,NA,NA,-0.2448776613,NA,102.3
"1025",NA,NA,NA,NA,-0.2683134788,NA,102.4
"1026",NA,NA,NA,NA,-0.2937466671,NA,102.5
"1027",NA,NA,NA,NA,-0.2704440077,NA,102.6
"1028",NA,NA,NA,NA,-0.2424808163,NA,102.7
"1029",NA,NA,NA,NA,-0.2251702693,NA,102.8
"1030",NA,NA,NA,NA,-0.268712953,NA,102.9
"1031",NA,NA,NA,NA,-0.288553503,NA,103
"1032",NA,NA,NA,NA,-0.2781671748,NA,103.1
"1033",NA,NA,NA,NA,-0.2655171597,NA,103.2
"1034",NA,NA,NA,NA,-0.2511360898,NA,103.3
"1035",NA,NA,NA,NA,-0.2636529469,NA,103.4
"1036",NA,NA,NA,NA,-0.2203765794,NA,103.5
"1037",NA,NA,NA,NA,-0.2520681962,NA,103.6
"1038",NA,NA,NA,NA,-0.2724413785,NA,103.7
"1039",NA,NA,NA,NA,-0.2869556064,NA,103.8
"1040",NA,NA,NA,NA,-0.2551308315,NA,103.9
"1041",NA,NA,NA,NA,-0.2796319134,NA,104
"1042",NA,NA,NA,NA,-0.2612561019,NA,104.1
"1043",NA,NA,NA,NA,-0.2942792993,NA,104.2
"1044",NA,NA,NA,NA,-0.2531334607,NA,104.3
"1045",NA,NA,NA,NA,-0.2559297798,NA,104.4
"1046",NA,NA,NA,NA,-0.2735066429,NA,104.5
"1047",NA,NA,NA,NA,-0.2833603389,NA,104.6
"1048",NA,NA,NA,NA,-0.2360892297,NA,104.7
"1049",NA,NA,NA,NA,-0.2552639895,NA,104.8
"1050",NA,NA,NA,NA,-0.2629871566,NA,104.9
"1051",NA,NA,NA,NA,-0.2631203147,NA,105
"1052",NA,NA,NA,NA,-0.2821619164,NA,105.1
"1053",NA,NA,NA,NA,-0.2300971173,NA,105.2
"1054",NA,NA,NA,NA,-0.2745719073,NA,105.3
"1055",NA,NA,NA,NA,-0.2058623515,NA,105.4
"1056",NA,NA,NA,NA,-0.266316108,NA,105.5
"1057",NA,NA,NA,NA,-0.2731071688,NA,105.6
"1058",NA,NA,NA,NA,-0.2628539986,NA,105.7
"1059",NA,NA,NA,NA,-0.2576608345,NA,105.8
"1060",NA,NA,NA,NA,-0.2523345123,NA,105.9
"1061",NA,NA,NA,NA,-0.2354234395,NA,106
"1062",NA,NA,NA,NA,-0.2892192933,NA,106.1
"1063",NA,NA,NA,NA,-0.2315618559,NA,106.2
"1064",NA,NA,NA,NA,-0.2854908678,NA,106.3
"1065",NA,NA,NA,NA,-0.2134523606,NA,106.4
"1066",NA,NA,NA,NA,-0.2482066127,NA,106.5
"1067",NA,NA,NA,NA,-0.2833603389,NA,106.6
"1068",NA,NA,NA,NA,-0.2452771355,NA,106.7
"1069",NA,NA,NA,NA,-0.2608566278,NA,106.8
"1070",NA,NA,NA,NA,-0.2350239653,NA,106.9
"1071",NA,NA,NA,NA,-0.2668487402,NA,107
"1072",NA,NA,NA,NA,-0.2876213966,NA,107.1
"1073",NA,NA,NA,NA,-0.2837598131,NA,107.2
"1074",NA,NA,NA,NA,-0.2948119316,NA,107.3
"1075",NA,NA,NA,NA,-0.256329254,NA,107.4
"1076",NA,NA,NA,NA,-0.2592587311,NA,107.5
"1077",NA,NA,NA,NA,-0.2640524211,NA,107.6
"1078",NA,NA,NA,NA,-0.2296976432,NA,107.7
"1079",NA,NA,NA,NA,-0.2751045396,NA,107.8
"1080",NA,NA,NA,NA,-0.2284992207,NA,107.9
"1081",NA,NA,NA,NA,-0.2695119013,NA,108
"1082",NA,NA,NA,NA,-0.2739061171,NA,108.1
"1083",NA,NA,NA,NA,-0.2488724029,NA,108.2
"1084",NA,NA,NA,NA,-0.2615224181,NA,108.3
"1085",NA,NA,NA,NA,-0.2902845577,NA,108.4
"1086",NA,NA,NA,NA,-0.251535564,NA,108.5
"1087",NA,NA,NA,NA,-0.3603256941,NA,108.6
"1088",NA,NA,NA,NA,-0.2418150261,NA,108.7
"1089",NA,NA,NA,NA,-0.246475558,NA,108.8
"1090",NA,NA,NA,NA,-0.1929460202,NA,108.9
"1091",NA,NA,NA,NA,-0.2716424302,NA,109
"1092",NA,NA,NA,NA,-0.2904177158,NA,109.1
"1093",NA,NA,NA,NA,-0.2741724332,NA,109.2
"1094",NA,NA,NA,NA,-0.266316108,NA,109.3
"1095",NA,NA,NA,NA,-0.2470081902,NA,109.4
"1096",NA,NA,NA,NA,-0.229431327,NA,109.5
"1097",NA,NA,NA,NA,-0.2388855489,NA,109.6
"1098",NA,NA,NA,NA,-0.2556634637,NA,109.7
"1099",NA,NA,NA,NA,-0.2259692176,NA,109.8
"1100",NA,NA,NA,NA,-0.2757703298,NA,109.9
"1101",NA,NA,NA,NA,-0.2937466671,NA,110
"1102",NA,NA,NA,NA,-0.2697782174,NA,110.1
"1103",NA,NA,NA,NA,-0.3119893205,NA,110.2
"1104",NA,NA,NA,NA,-0.2647182114,NA,110.3
"1105",NA,NA,NA,NA,-0.2102565673,NA,110.4
"1106",NA,NA,NA,NA,-0.244211871,NA,110.5
"1107",NA,NA,NA,NA,-0.2771019104,NA,110.6
"1108",NA,NA,NA,NA,-0.2901513997,NA,110.7
"1109",NA,NA,NA,NA,-0.2486060868,NA,110.8
"1110",NA,NA,NA,NA,-0.2547313573,NA,110.9
"1111",NA,NA,NA,NA,-0.258992415,NA,111
"1112",NA,NA,NA,NA,-0.2575276764,NA,111.1
"1113",NA,NA,NA,NA,-0.2344913331,NA,111.2
"1114",NA,NA,NA,NA,-0.2781671748,NA,111.3
"1115",NA,NA,NA,NA,-0.2616555761,NA,111.4
"1116",NA,NA,NA,NA,-0.2692455852,NA,111.5
"1117",NA,NA,NA,NA,-0.2704440077,NA,111.6
"1118",NA,NA,NA,NA,-0.1920139139,NA,111.7
"1119",NA,NA,NA,NA,-0.2553971476,NA,111.8
"1120",NA,NA,NA,NA,-0.2806971778,NA,111.9
"1121",NA,NA,NA,NA,-0.2625876825,NA,112
"1122",NA,NA,NA,NA,-0.3440804115,NA,112.1
"1123",NA,NA,NA,NA,-0.2964098282,NA,112.2
"1124",NA,NA,NA,NA,-0.2593918892,NA,112.3
"1125",NA,NA,NA,NA,-0.2422145002,NA,112.4
"1126",NA,NA,NA,NA,-0.2872219225,NA,112.5
"1127",NA,NA,NA,NA,-0.2808303359,NA,112.6
"1128",NA,NA,NA,NA,-0.2583266248,NA,112.7
"1129",NA,NA,NA,NA,-0.2615224181,NA,112.8
"1130",NA,NA,NA,NA,-0.2222407921,NA,112.9
"1131",NA,NA,NA,NA,-0.2627208405,NA,113
"1132",NA,NA,NA,NA,-0.2672482144,NA,113.1
"1133",NA,NA,NA,NA,-0.2675145305,NA,113.2
"1134",NA,NA,NA,NA,-0.2158492055,NA,113.3
"1135",NA,NA,NA,NA,-0.256329254,NA,113.4
"1136",NA,NA,NA,NA,-0.2537992509,NA,113.5
"1137",NA,NA,NA,NA,-0.2748382235,NA,113.6
"1138",NA,NA,NA,NA,-0.2749713815,NA,113.7
"1139",NA,NA,NA,NA,-0.2439455549,NA,113.8
"1140",NA,NA,NA,NA,-0.2498045093,NA,113.9
"1141",NA,NA,NA,NA,-0.2603239956,NA,114
"1142",NA,NA,NA,NA,-0.2857571839,NA,114.1
"1143",NA,NA,NA,NA,-0.2519350382,NA,114.2
"1144",NA,NA,NA,NA,-0.2476739804,NA,114.3
"1145",NA,NA,NA,NA,-0.2672482144,NA,114.4
"1146",NA,NA,NA,NA,-0.2458097677,NA,114.5
"1147",NA,NA,NA,NA,-0.2888198191,NA,114.6
"1148",NA,NA,NA,NA,-0.217047628,NA,114.7
"1149",NA,NA,NA,NA,-0.2673813724,NA,114.8
"1150",NA,NA,NA,NA,-0.2530003026,NA,114.9
"1151",NA,NA,NA,NA,-0.2841592872,NA,115
"1152",NA,NA,NA,NA,-0.2459429257,NA,115.1
"1153",NA,NA,NA,NA,-0.2846919195,NA,115.2
"1154",NA,NA,NA,NA,-0.2528671445,NA,115.3
"1155",NA,NA,NA,NA,-0.2484729288,NA,115.4
"1156",NA,NA,NA,NA,-0.2308960656,NA,115.5
"1157",NA,NA,NA,NA,-0.3214435424,NA,115.6
"1158",NA,NA,NA,NA,-0.3055977339,NA,115.7
"1159",NA,NA,NA,NA,-0.2777677006,NA,115.8
"1160",NA,NA,NA,NA,-0.2451439774,NA,115.9
"1161",NA,NA,NA,NA,-0.2555303056,NA,116
"1162",NA,NA,NA,NA,-0.3410177763,NA,116.1
"1163",NA,NA,NA,NA,-0.2274339562,NA,116.2
"1164",NA,NA,NA,NA,-0.2950782477,NA,116.3
"1165",NA,NA,NA,NA,-0.234225017,NA,116.4
"1166",NA,NA,NA,NA,-0.2376871264,NA,116.5
"1167",NA,NA,NA,NA,-0.2420813422,NA,116.6
"1168",NA,NA,NA,NA,-0.2595250472,NA,116.7
"1169",NA,NA,NA,NA,-0.3163835363,NA,116.8
"1170",NA,NA,NA,NA,-0.2792324392,NA,116.9
"1171",NA,NA,NA,NA,-0.2111886736,NA,117
"1172",NA,NA,NA,NA,-0.3000050957,NA,117.1
"1173",NA,NA,NA,NA,-0.2479402965,NA,117.2
"1174",NA,NA,NA,NA,-0.2591255731,NA,117.3
"1175",NA,NA,NA,NA,-0.2745719073,NA,117.4
"1176",NA,NA,NA,NA,-0.2420813422,NA,117.5
"1177",NA,NA,NA,NA,-0.2857571839,NA,117.6
"1178",NA,NA,NA,NA,-0.2739061171,NA,117.7
"1179",NA,NA,NA,NA,-0.2447445033,NA,117.8
"1180",NA,NA,NA,NA,-0.2950782477,NA,117.9
"1181",NA,NA,NA,NA,-0.2410160777,NA,118
"1182",NA,NA,NA,NA,-0.2619218922,NA,118.1
"1183",NA,NA,NA,NA,-0.2323608042,NA,118.2
"1184",NA,NA,NA,NA,-0.2227734243,NA,118.3
"1185",NA,NA,NA,NA,-0.2962766702,NA,118.4
"1186",NA,NA,NA,NA,-0.2684466369,NA,118.5
"1187",NA,NA,NA,NA,-0.2181128925,NA,118.6
"1188",NA,NA,NA,NA,-0.2664492661,NA,118.7
"1189",NA,NA,NA,NA,-0.3036003631,NA,118.8
"1190",NA,NA,NA,NA,-0.2756371718,NA,118.9
"1191",NA,NA,NA,NA,-0.2838929711,NA,119
"1192",NA,NA,NA,NA,-0.2635197889,NA,119.1
"1193",NA,NA,NA,NA,-0.2347576492,NA,119.2
"1194",NA,NA,NA,NA,-0.1933454944,NA,119.3
"1195",NA,NA,NA,NA,-0.2632534728,NA,119.4
"1196",NA,NA,NA,NA,-0.3091930014,NA,119.5
"1197",NA,NA,NA,NA,-0.2263686918,NA,119.6
"1198",NA,NA,NA,NA,-0.2480734546,NA,119.7
"1199",NA,NA,NA,NA,-0.2471413482,NA,119.8
"1200",NA,NA,NA,NA,-0.3436809374,NA,119.9
"1201",NA,NA,NA,NA,-0.170175993,NA,120
"1202",NA,NA,NA,NA,-0.2890861352,NA,120.1
"1203",NA,NA,NA,NA,-0.2873550805,NA,120.2
"1204",NA,NA,NA,NA,-0.2387523908,NA,120.3
"1205",NA,NA,NA,NA,-0.2249039532,NA,120.4
"1206",NA,NA,NA,NA,-0.2997387796,NA,120.5
"1207",NA,NA,NA,NA,-0.224371321,NA,120.6
"1208",NA,NA,NA,NA,-0.2988066732,NA,120.7
"1209",NA,NA,NA,NA,-0.2553971476,NA,120.8
"1210",NA,NA,NA,NA,-0.2841592872,NA,120.9
"1211",NA,NA,NA,NA,-0.2410160777,NA,121
"1212",NA,NA,NA,NA,-0.254065567,NA,121.1
"1213",NA,NA,NA,NA,-0.2725745365,NA,121.2
"1214",NA,NA,NA,NA,-0.3109240561,NA,121.3
"1215",NA,NA,NA,NA,-0.2789661231,NA,121.4
"1216",NA,NA,NA,NA,-0.08681905121,NA,121.5
"1217",NA,NA,NA,NA,-0.3239735454,NA,121.6
"1218",NA,NA,NA,NA,-0.2729740107,NA,121.7
"1219",NA,NA,NA,NA,-0.3190466974,NA,121.8
"1220",NA,NA,NA,NA,-0.3568635847,NA,121.9
"1221",NA,NA,NA,NA,-0.3346261897,NA,122
"1222",NA,NA,NA,NA,-0.3569967428,NA,122.1
"1223",NA,NA,NA,NA,-0.3388872474,NA,122.2
"1224",NA,NA,NA,NA,-0.2270344821,NA,122.3
"1225",NA,NA,NA,NA,-0.3147856397,NA,122.4
"1226",NA,NA,NA,NA,-0.2557966217,NA,122.5
"1227",NA,NA,NA,NA,-0.3119893205,NA,122.6
"1228",NA,NA,NA,NA,-0.2902845577,NA,122.7
"1229",NA,NA,NA,NA,-0.2866892903,NA,122.8
"1230",NA,NA,NA,NA,-0.1954760233,NA,122.9
"1231",NA,NA,NA,NA,-0.2760366459,NA,123
"1232",NA,NA,NA,NA,-0.3408846182,NA,123.1
"1233",NA,NA,NA,NA,-0.3038666792,NA,123.2
"1234",NA,NA,NA,NA,-0.2390187069,NA,123.3
"1235",NA,NA,NA,NA,-0.2435460808,NA,123.4
"1236",NA,NA,NA,NA,-0.1937449686,NA,123.5
"1237",NA,NA,NA,NA,-0.283626655,NA,123.6
"1238",NA,NA,NA,NA,-0.3653857002,NA,123.7
"1239",NA,NA,NA,NA,-0.2862898161,NA,123.8
"1240",NA,NA,NA,NA,-0.2929477188,NA,123.9
"1241",NA,NA,NA,NA,-0.273772959,NA,124
"1242",NA,NA,NA,NA,-0.2864229742,NA,124.1
"1243",NA,NA,NA,NA,-0.2475408224,NA,124.2
"1244",NA,NA,NA,NA,-0.3519367367,NA,124.3
"1245",NA,NA,NA,NA,-0.2768355943,NA,124.4
"1246",NA,NA,NA,NA,-0.2205097374,NA,124.5
"1247",NA,NA,NA,NA,-0.2350239653,NA,124.6
"1248",NA,NA,NA,NA,-0.2251702693,NA,124.7
"1249",NA,NA,NA,NA,-0.207193932,NA,124.8
"1250",NA,NA,NA,NA,-0.3101251078,NA,124.9
"1251",NA,NA,NA,NA,-0.2924150866,NA,125
"1252",NA,NA,NA,NA,-0.2522013543,NA,125.1
"1253",NA,NA,NA,NA,-0.2866892903,NA,125.2
"1254",NA,NA,NA,NA,-0.2745719073,NA,125.3
"1255",NA,NA,NA,NA,-0.323041439,NA,125.4
"1256",NA,NA,NA,NA,-0.2848250775,NA,125.5
"1257",NA,NA,NA,NA,-0.271242956,NA,125.6
"1258",NA,NA,NA,NA,-0.3364904025,NA,125.7
"1259",NA,NA,NA,NA,-0.2755040137,NA,125.8
"1260",NA,NA,NA,NA,-0.3273024967,NA,125.9
"1261",NA,NA,NA,NA,-0.3300988159,NA,126
"1262",NA,NA,NA,NA,-0.2452771355,NA,126.1
"1263",NA,NA,NA,NA,-0.2854908678,NA,126.2
"1264",NA,NA,NA,NA,-0.2739061171,NA,126.3
"1265",NA,NA,NA,NA,-0.2695119013,NA,126.4
"1266",NA,NA,NA,NA,-0.2118544639,NA,126.5
"1267",NA,NA,NA,NA,-0.2536660929,NA,126.6
"1268",NA,NA,NA,NA,-0.3418167246,NA,126.7
"1269",NA,NA,NA,NA,-0.2262355337,NA,126.8
"1270",NA,NA,NA,NA,-0.1768338957,NA,126.9
"1271",NA,NA,NA,NA,-0.3159840621,NA,127
"1272",NA,NA,NA,NA,-0.2187786827,NA,127.1
"1273",NA,NA,NA,NA,-0.2992061473,NA,127.2
"1274",NA,NA,NA,NA,-0.2201102633,NA,127.3
"1275",NA,NA,NA,NA,-0.3105245819,NA,127.4
"1276",NA,NA,NA,NA,-0.2619218922,NA,127.5
"1277",NA,NA,NA,NA,-0.3123887947,NA,127.6
"1278",NA,NA,NA,NA,-0.3700462321,NA,127.7
"1279",NA,NA,NA,NA,-0.2544650412,NA,127.8
"1280",NA,NA,NA,NA,-0.3078614208,NA,127.9
"1281",NA,NA,NA,NA,-0.2390187069,NA,128
"1282",NA,NA,NA,NA,-0.3627225391,NA,128.1
"1283",NA,NA,NA,NA,-0.2103897253,NA,128.2
"1284",NA,NA,NA,NA,-0.3189135393,NA,128.3
"1285",NA,NA,NA,NA,-0.3316967125,NA,128.4
"1286",NA,NA,NA,NA,-0.2547313573,NA,128.5
"1287",NA,NA,NA,NA,-0.3334277672,NA,128.6
"1288",NA,NA,NA,NA,-0.2211755277,NA,128.7
"1289",NA,NA,NA,NA,-0.2805640198,NA,128.8
"1290",NA,NA,NA,NA,-0.2038649807,NA,128.9
"1291",NA,NA,NA,NA,-0.2801645456,NA,129
"1292",NA,NA,NA,NA,-0.2528671445,NA,129.1
"1293",NA,NA,NA,NA,-0.2476739804,NA,129.2
"1294",NA,NA,NA,NA,-0.2941461413,NA,129.3
"1295",NA,NA,NA,NA,-0.2553971476,NA,129.4
"1296",NA,NA,NA,NA,-0.3169161685,NA,129.5
"1297",NA,NA,NA,NA,-0.2311623817,NA,129.6
"1298",NA,NA,NA,NA,-0.2804308617,NA,129.7
"1299",NA,NA,NA,NA,-0.3281014451,NA,129.8
"1300",NA,NA,NA,NA,-0.2524676704,NA,129.9
"1301",NA,NA,NA,NA,-0.3242398615,NA,130
"1302",NA,NA,NA,NA,-0.313187743,NA,130.1
"1303",NA,NA,NA,NA,-0.3665841227,NA,130.2
"1304",NA,NA,NA,NA,-0.2504702996,NA,130.3
"1305",NA,NA,NA,NA,-0.2572613603,NA,130.4
"1306",NA,NA,NA,NA,-0.3175819588,NA,130.5
"1307",NA,NA,NA,NA,-0.2241050049,NA,130.6
"1308",NA,NA,NA,NA,-0.2147839411,NA,130.7
"1309",NA,NA,NA,NA,-0.3171824846,NA,130.8
"1310",NA,NA,NA,NA,-0.1704423091,NA,130.9
"1311",NA,NA,NA,NA,-0.26138926,NA,131
"1312",NA,NA,NA,NA,-0.3149187977,NA,131.1
"1313",NA,NA,NA,NA,-0.3420830407,NA,131.2
"1314",NA,NA,NA,NA,-0.2607234697,NA,131.3
"1315",NA,NA,NA,NA,-0.2479402965,NA,131.4
"1316",NA,NA,NA,NA,-0.2302302754,NA,131.5
"1317",NA,NA,NA,NA,-0.2869556064,NA,131.6
"1318",NA,NA,NA,NA,-0.2251702693,NA,131.7
"1319",NA,NA,NA,NA,-0.2247707952,NA,131.8
"1320",NA,NA,NA,NA,-0.2199771052,NA,131.9
"1321",NA,NA,NA,NA,-0.2729740107,NA,132
"1322",NA,NA,NA,NA,-0.2319613301,NA,132.1
"1323",NA,NA,NA,NA,-0.2129197283,NA,132.2
"1324",NA,NA,NA,NA,-0.2713761141,NA,132.3
"1325",NA,NA,NA,NA,-0.2949450896,NA,132.4
"1326",NA,NA,NA,NA,-0.2675145305,NA,132.5
"1327",NA,NA,NA,NA,-0.2840261292,NA,132.6
"1328",NA,NA,NA,NA,-0.2300971173,NA,132.7
"1329",NA,NA,NA,NA,-0.2805640198,NA,132.8
"1330",NA,NA,NA,NA,-0.2544650412,NA,132.9
"1331",NA,NA,NA,NA,-0.2099902512,NA,133
"1332",NA,NA,NA,NA,-0.3113235303,NA,133.1
"1333",NA,NA,NA,NA,-0.2841592872,NA,133.2
"1334",NA,NA,NA,NA,-0.2792324392,NA,133.3
"1335",NA,NA,NA,NA,-0.286156658,NA,133.4
"1336",NA,NA,NA,NA,-0.2191781569,NA,133.5
"1337",NA,NA,NA,NA,-0.2997387796,NA,133.6
"1338",NA,NA,NA,NA,-0.2573945184,NA,133.7
"1339",NA,NA,NA,NA,-0.2503371415,NA,133.8
"1340",NA,NA,NA,NA,-0.268846111,NA,133.9
"1341",NA,NA,NA,NA,-0.2950782477,NA,134
"1342",NA,NA,NA,NA,-0.1740375766,NA,134.1
"1343",NA,NA,NA,NA,-0.2354234395,NA,134.2
"1344",NA,NA,NA,NA,-0.2865561322,NA,134.3
"1345",NA,NA,NA,NA,-0.3291667095,NA,134.4
"1346",NA,NA,NA,NA,-0.283626655,NA,134.5
"1347",NA,NA,NA,NA,-0.2623213664,NA,134.6
"1348",NA,NA,NA,NA,-0.2327602784,NA,134.7
"1349",NA,NA,NA,NA,-0.3101251078,NA,134.8
"1350",NA,NA,NA,NA,-0.2893524513,NA,134.9
"1351",NA,NA,NA,NA,-0.3029345729,NA,135
"1352",NA,NA,NA,NA,-0.199737081,NA,135.1
"1353",NA,NA,NA,NA,-0.2251702693,NA,135.2
"1354",NA,NA,NA,NA,-0.3198456457,NA,135.3
"1355",NA,NA,NA,NA,-0.2970756185,NA,135.4
"1356",NA,NA,NA,NA,-0.2386192328,NA,135.5
"1357",NA,NA,NA,NA,-0.2862898161,NA,135.6
"1358",NA,NA,NA,NA,-0.2673813724,NA,135.7
"1359",NA,NA,NA,NA,-0.2472745063,NA,135.8
"1360",NA,NA,NA,NA,-0.3273024967,NA,135.9
"1361",NA,NA,NA,NA,-0.2657834758,NA,136
"1362",NA,NA,NA,NA,-0.2213086857,NA,136.1
"1363",NA,NA,NA,NA,-0.3143861655,NA,136.2
"1364",NA,NA,NA,NA,-0.3073287886,NA,136.3
"1365",NA,NA,NA,NA,-0.2322276462,NA,136.4
"1366",NA,NA,NA,NA,-0.2541987251,NA,136.5
"1367",NA,NA,NA,NA,-0.3090598433,NA,136.6
"1368",NA,NA,NA,NA,-0.2981408829,NA,136.7
"1369",NA,NA,NA,NA,-0.2989398312,NA,136.8
"1370",NA,NA,NA,NA,-0.1633849323,NA,136.9
"1371",NA,NA,NA,NA,-0.2592587311,NA,137
"1372",NA,NA,NA,NA,-0.3083940531,NA,137.1
"1373",NA,NA,NA,NA,-0.2980077249,NA,137.2
"1374",NA,NA,NA,NA,-0.2767024362,NA,137.3
"1375",NA,NA,NA,NA,-0.2507366157,NA,137.4
"1376",NA,NA,NA,NA,-0.276302962,NA,137.5
"1377",NA,NA,NA,NA,-0.3065298403,NA,137.6
"1378",NA,NA,NA,NA,-0.2137186767,NA,137.7
"1379",NA,NA,NA,NA,-0.3075951047,NA,137.8
"1380",NA,NA,NA,NA,-0.2403502875,NA,137.9
"1381",NA,NA,NA,NA,-0.2106560414,NA,138
"1382",NA,NA,NA,NA,-0.3117230044,NA,138.1
"1383",NA,NA,NA,NA,-0.2968093024,NA,138.2
"1384",NA,NA,NA,NA,-0.2283660626,NA,138.3
"1385",NA,NA,NA,NA,-0.2395513391,NA,138.4
"1386",NA,NA,NA,NA,-0.300937202,NA,138.5
"1387",NA,NA,NA,NA,-0.3012035181,NA,138.6
"1388",NA,NA,NA,NA,-0.1829591662,NA,138.7
"1389",NA,NA,NA,NA,-0.3326288189,NA,138.8
"1390",NA,NA,NA,NA,-0.3036003631,NA,138.9
"1391",NA,NA,NA,NA,-0.2129197283,NA,139
"1392",NA,NA,NA,NA,-0.2689792691,NA,139.1
"1393",NA,NA,NA,NA,-0.3431483052,NA,139.2
"1394",NA,NA,NA,NA,-0.2494050351,NA,139.3
"1395",NA,NA,NA,NA,-0.2411492358,NA,139.4
"1396",NA,NA,NA,NA,-0.2964098282,NA,139.5
"1397",NA,NA,NA,NA,-0.2962766702,NA,139.6
"1398",NA,NA,NA,NA,-0.1724396799,NA,139.7
"1399",NA,NA,NA,NA,-0.3203782779,NA,139.8
"1400",NA,NA,NA,NA,-0.2523345123,NA,139.9
"1401",NA,NA,NA,NA,-0.2768355943,NA,140
"1402",NA,NA,NA,NA,-0.3382214572,NA,140.1
"1403",NA,NA,NA,NA,-0.2751045396,NA,140.2
"1404",NA,NA,NA,NA,-0.2661829499,NA,140.3
"1405",NA,NA,NA,NA,-0.2482066127,NA,140.4
"1406",NA,NA,NA,NA,-0.2878877127,NA,140.5
"1407",NA,NA,NA,NA,-0.2724413785,NA,140.6
"1408",NA,NA,NA,NA,-0.3063966823,NA,140.7
"1409",NA,NA,NA,NA,-0.2151834153,NA,140.8
"1410",NA,NA,NA,NA,-0.2753708557,NA,140.9
"1411",NA,NA,NA,NA,-0.2499376674,NA,141
"1412",NA,NA,NA,NA,-0.2394181811,NA,141.1
"1413",NA,NA,NA,NA,-0.3171824846,NA,141.2
"1414",NA,NA,NA,NA,-0.3018693084,NA,141.3
"1415",NA,NA,NA,NA,-0.2913498222,NA,141.4
"1416",NA,NA,NA,NA,-0.2928145607,NA,141.5
"1417",NA,NA,NA,NA,-0.2535329348,NA,141.6
"1418",NA,NA,NA,NA,-0.3129214269,NA,141.7
"1419",NA,NA,NA,NA,-0.3099919497,NA,141.8
"1420",NA,NA,NA,NA,-0.2881540289,NA,141.9
"1421",NA,NA,NA,NA,-0.3226419648,NA,142
"1422",NA,NA,NA,NA,-0.2418150261,NA,142.1
"1423",NA,NA,NA,NA,-0.3046656276,NA,142.2
"1424",NA,NA,NA,NA,-0.2286323787,NA,142.3
"1425",NA,NA,NA,NA,-0.2816292842,NA,142.4
"1426",NA,NA,NA,NA,-0.2506034576,NA,142.5
"1427",NA,NA,NA,NA,-0.263786105,NA,142.6
"1428",NA,NA,NA,NA,-0.2451439774,NA,142.7
"1429",NA,NA,NA,NA,-0.246608716,NA,142.8
"1430",NA,NA,NA,NA,-0.2926814027,NA,142.9
"1431",NA,NA,NA,NA,-0.3259709162,NA,143
"1432",NA,NA,NA,NA,-0.1645833547,NA,143.1
"1433",NA,NA,NA,NA,-0.283493497,NA,143.2
"1434",NA,NA,NA,NA,-0.2165149958,NA,143.3
"1435",NA,NA,NA,NA,-0.3479419951,NA,143.4
"1436",NA,NA,NA,NA,-0.21212078,NA,143.5
"1437",NA,NA,NA,NA,-0.3556651622,NA,143.6
"1438",NA,NA,NA,NA,-0.2720419043,NA,143.7
"1439",NA,NA,NA,NA,-0.3431483052,NA,143.8
"1440",NA,NA,NA,NA,-0.2290318529,NA,143.9
"1441",NA,NA,NA,NA,-0.3038666792,NA,144
"1442",NA,NA,NA,NA,-0.3006708859,NA,144.1
"1443",NA,NA,NA,NA,-0.330365132,NA,144.2
"1444",NA,NA,NA,NA,-0.3069293145,NA,144.3
"1445",NA,NA,NA,NA,-0.2299639593,NA,144.4
"1446",NA,NA,NA,NA,-0.325571442,NA,144.5
"1447",NA,NA,NA,NA,-0.1958754974,NA,144.6
"1448",NA,NA,NA,NA,-0.2824282325,NA,144.7
"1449",NA,NA,NA,NA,-0.2846919195,NA,144.8
"1450",NA,NA,NA,NA,-0.2825613906,NA,144.9
"1451",NA,NA,NA,NA,-0.2880208708,NA,145
"1452",NA,NA,NA,NA,-0.2852245517,NA,145.1
"1453",NA,NA,NA,NA,-0.249005561,NA,145.2
"1454",NA,NA,NA,NA,-0.2447445033,NA,145.3
"1455",NA,NA,NA,NA,-0.2556634637,NA,145.4
"1456",NA,NA,NA,NA,-0.2917492963,NA,145.5
"1457",NA,NA,NA,NA,-0.3127882688,NA,145.6
"1458",NA,NA,NA,NA,-0.2331597526,NA,145.7
"1459",NA,NA,NA,NA,-0.3238403873,NA,145.8
"1460",NA,NA,NA,NA,-0.2745719073,NA,145.9
"1461",NA,NA,NA,NA,-0.2881540289,NA,146
"1462",NA,NA,NA,NA,-0.3194461715,NA,146.1
"1463",NA,NA,NA,NA,-0.1713744155,NA,146.2
"1464",NA,NA,NA,NA,-0.2898850836,NA,146.3
"1465",NA,NA,NA,NA,-0.2609897858,NA,146.4
"1466",NA,NA,NA,NA,-0.3055977339,NA,146.5
"1467",NA,NA,NA,NA,-0.2479402965,NA,146.6
"1468",NA,NA,NA,NA,-0.2217081599,NA,146.7
"1469",NA,NA,NA,NA,-0.278699807,NA,146.8
